director_name,no_of_fb_likes,total_profit,total_imdb_score
Stuart Gillard,8.0,2.5094117647058822,4.8
Tobe Hooper,365.0,107.89814504331632,6.7
Peter Kassovitz,0.0,0.33042673333333333,6.5
Rich Cowan,7.0,0.46849384615384615,6.5
Shane Meadows,222.0,0.05681489392017656,7.55
André Téchiné,25.0,0.0,6.0
Tony Bancroft,7.0,1.3402044777777777,7.5
John Gulager,38.0,0.0,6.4
Shari Springer Berman,30.0,0.03236278571428571,6.7
Walter Salles,179.0,0.9357556503448275,6.566666666666666
Stefen Fangmeier,14.0,0.75030163,5.1
Jeff Kanew,6.0,0.4727135,5.5
Collin Schiffli,4.0,0.0,6.2
Catherine Owens,0.0,0.0,8.4
Francis Lawrence,508.0,2.1955466134133603,7.0
Paul Haggis,549.0,4.347642991208791,7.6
Henry Hathaway,83.0,0.0,7.1
Werner Herzog,0.0,0.31666765,7.0
Karyn Kusama,45.0,0.7149319344758064,5.3
Rowan Joffe,17.0,0.06734118181818181,6.0
Lee Tamahori,93.0,0.5505523024024608,6.140000000000001
Gary McKendry,5.0,0.7169602,6.5
Mark Tarlov,3.0,0.7324893333333333,5.3
Sol Tryon,0.0,0.02411,6.5
Ruben Fleischer,181.0,1.7643148718590258,6.833333333333333
John Putch,60.0,0.3333823,5.5
Michael Kang,269.0,0.0,6.8
Jeffrey W. Byrd,2.0,0.2671270666666667,4.1
Laurence Dunmore,2.0,0.0,6.4
Miguel Sapochnik,238.0,0.4300978125,6.3
Rupert Wainwright,9.0,1.7255769655172415,6.2
Daniele Luchetti,6.0,0.0,5.7
John Erick Dowdle,66.0,3.9239888374999996,6.3
Brian Yuzna,97.0,0.0,5.9
Kevin Smith,0.0,6.266000725587618,6.566666666666666
George Nolfi,53.0,1.2440899402390437,7.1
Vicky Jewson,3.0,0.0,4.4
Jeta Amata,20.0,0.0,5.6
Carol Reed,82.0,0.84,7.15
Jennifer Wynne Farmer,0.0,0.015011428571428571,6.5
Bruce McCulloch,54.0,1.1018889723809524,5.066666666666666
Kirk Jones,52.0,2.9813558407142855,6.6
George Cukor,165.0,4.235294117647059,7.9
Ken Shapiro,2.0,0.0,5.0
Bille Woodruff,23.0,1.654294,5.125
Scott Dow,6.0,0.0,3.4
Nicholas Fackler,6.0,0.024944,7.3
Anthony Bell,0.0,1.25389885,5.3
Catherine Hardwicke,308.0,2.286547441875345,5.985714285714286
Joseph Zito,17.0,9.055555555555555,5.6
Jamin Winans,63.0,0.0,7.0
Christopher Barnard,0.0,0.0,7.2
Jay Duplass,157.0,3.5801531726190476,6.35
Gene Teigland,0.0,0.03936,5.6
Jimmy Hayward,39.0,0.6189189164410058,5.300000000000001
Anna Mastro,7.0,0.0,5.3
John G. Avildsen,80.0,48.273349652777775,7.5
Jonathan Dayton,36.0,7.4862435,7.9
Tommy Wirkola,75.0,0.5828888249999999,6.25
Gary David Goldberg,30.0,1.4631621,5.9
Joe Pytka,30.0,1.1305450375,6.3
Preston A. Whitmore II,17.0,2.515168368131868,4.1
Brett Ratner,420.0,1.170780676170056,6.409999999999999
Regardt van den Bergh,12.0,0.0,6.9
Boris Rodriguez,5.0,0.001014,5.7
Jesse Peretz,37.0,2.5485246999999998,5.95
Joe Wright,456.0,0.7045715530357143,6.637499999999998
Serdar Akar,11.0,0.0,6.0
Joseph Green,2.0,0.0,4.1
Jay Chandrasekhar,422.0,4.6730523368796995,6.025
Anne Fletcher,98.0,2.802282541904762,6.040000000000001
Warren Sheppard,0.0,0.0,4.0
Danny Boyle,0.0,2.5053212084106637,7.388888888888889
Sam Raimi,0.0,1.2109488271973012,6.907692307692307
Dan Perri,0.0,0.0,6.7
Donald Petrie,80.0,1.228183984455577,5.6625000000000005
Hans Canosa,3.0,0.8424933333333333,7.1
Dario Argento,930.0,0.03884644444444445,6.1
Robert Stevenson,55.0,17.05,7.8
Huck Botko,10.0,0.15742617647058824,4.6
Efram Potelle,2.0,0.279282,6.1
Steve Beck,17.0,1.4764035142857144,5.5
Matt Reeves,198.0,1.2587053214705883,6.675000000000001
Zack Ward,662.0,0.0,4.0
Michael Ritchie,23.0,1.1608963623809525,6.2
Gilles Paquet-Brenner,15.0,0.76917,7.5
David Nixon,13.0,0.8138794285714286,6.3
Melvin Van Peebles,101.0,30.36,5.5
Marcos Siega,32.0,0.22619108,4.1
David Lynch,0.0,0.35721835999999996,7.640000000000001
Aki Kaurismäki,592.0,0.15888545454545455,7.2
Tony Richardson,62.0,0.34,6.4
Walt Becker,12.0,1.4671770293650792,5.675000000000001
John Hillcoat,214.0,0.52799181,7.0
Eric Blakeney,3.0,0.1631839,5.7
Arthur Hiller,71.0,0.0015447,3.5
Sergey Bodrov,44.0,0.1563269545614035,6.266666666666667
Quentin Tarantino,16000.0,3.5183804043939397,8.200000000000001
Chris Gorak,21.0,0.7142268333333334,4.9
Sharron Miller,0.0,0.0,4.1
Frank Oz,0.0,1.123029693305959,6.5375
William Phillips,3.0,0.0,6.5
Louis C.K.,0.0,1.0977526666666666,5.2
Patrick Gilles,0.0,0.0,7.5
Lucile Hadzihalilovic,92.0,0.0,6.4
William Malone,37.0,1.2321352637844611,4.449999999999999
Douglas McGrath,41.0,0.20703750726495726,6.3999999999999995
Todd Solondz,377.0,2.32125,7.266666666666667
Doug Lefler,4.0,0.16948742857142857,5.4
Barbet Schroeder,58.0,0.5495184366666667,6.033333333333334
Gerald Potterton,0.0,0.0,6.7
Derrick Borte,17.0,0.2949016,6.5
Kar-Wai Wong,0.0,0.09310014073114566,6.8999999999999995
Michael Herz,6.0,0.17238391304347825,5.65
Billy Wilder,0.0,2.167243211153986,7.9750000000000005
Nils Gaup,8.0,0.0,6.7
Paul Tibbitt,5.0,2.195889837837838,6.0
Kurt Wimmer,110.0,0.3380998833333333,5.95
Michael Roemer,0.0,0.0777375,8.1
Jonathan Hensleigh,36.0,1.0206749393939394,6.5
Ericson Core,19.0,0.2740211619047619,5.3
John Maclean,85.0,0.0,6.9
Pedro Almodóvar,0.0,0.0,7.6
Lance McDaniel,0.0,0.0,8.0
RZA,561.0,1.0405696666666666,5.4
Richard Lester,44.0,0.8923634055759055,6.6
Aaron Schneider,11.0,1.2235404,7.1
Peter Landesman,15.0,0.9866237714285714,7.1
Kevin Tancharoen,64.0,1.2826079722222223,5.2
Dany Boon,172.0,0.0,7.1
Alexandre Aja,192.0,1.5902202824675324,6.2250000000000005
Steve Carver,8.0,2.44,6.3
Gregory Hoblit,40.0,0.8628955236815156,6.6000000000000005
Bennett Miller,152.0,2.809452777142857,7.5
Andrew Haigh,131.0,3.916225,7.7
Daisy von Scherler Mayer,18.0,0.44664697202797204,4.6
Dan Mazer,11.0,3.090222956521739,6.0
David Lam,4.0,0.0,5.3
Scott Derrickson,301.0,4.554829918333333,6.14
Brad Silberling,52.0,1.0643781378030304,6.2
Chris Robinson,49.0,0.0,6.0
Jackie Earle Haley,0.0,0.0,5.8
David R. Ellis,160.0,1.2574100836752136,5.516666666666666
Lorene Scafaria,63.0,0.6619173,6.7
Kunihiko Yuyama,8.0,0.0,5.6
Sam Miller,12.0,2.0031608909090908,5.75
Deryck Broom,11.0,0.0,3.7
Nicole Holofcener,132.0,4.454711315384616,6.660000000000001
Marco Kreuzpaintner,7.0,0.02652063888888889,7.45
Thomas Carter,49.0,3.7510816358974357,6.666666666666667
Joseph L. Mankiewicz,311.0,1.8560179977502813,7.0
Rita Merson,5.0,0.0,5.3
Phyllida Lloyd,58.0,2.53405725,6.35
Dan Ireland,137.0,0.0,5.0
Jason Eisener,59.0,0.234334,6.1
Joel Gallen,11.0,2.3676594375,5.7
John Reinhardt,2.0,0.0,7.1
Ronan Chapalain,0.0,0.8148046,6.9
Hal Needham,379.0,0.2666829,3.5
Corey Grant,21.0,0.0,5.4
Andrew Leman,2.0,0.0,7.3
Danny Provenzano,84.0,0.0,5.4
Ed Gass-Donnelly,8.0,3.0305758,4.0
Michel Hazanavicius,405.0,2.9778063333333336,8.0
Ernest R. Dickerson,226.0,1.6221975384615384,6.7
Barbra Streisand,0.0,2.002817988888889,6.566666666666666
Asger Leth,20.0,0.44287883333333333,6.6
Anand Tucker,14.0,0.04485536842105264,6.566666666666667
Tom Walsh,2.0,0.0,4.8
Dave Carroll,0.0,0.0,7.9
Sydney Pollack,521.0,3.2052196122800587,6.58
Bob Spiers,14.0,1.1698962,3.3
Bobcat Goldthwait,800.0,0.0,6.9
Jamie Travis,15.0,1.4634835294117647,6.0
Christian Alvart,22.0,0.4017976515151515,6.5
Edgar Wright,1000.0,2.0358768,7.6
Tim Boxell,10.0,0.0474664,6.6
Iain Softley,34.0,0.7058199068313954,6.55
Bob Giraldi,34.0,0.0,7.3
Tamara Jenkins,84.0,0.5480318,6.9
Lawrence Guterman,6.0,0.8793801035714286,3.7
Warren P. Sonoda,28.0,0.03536485714285714,4.7
Bruno Barreto,9.0,0.0,6.4
Phil Traill,3.0,2.257334,4.8
S.S. Rajamouli,50.0,0.3604763480251022,8.4
Matt Maiellaro,8.0,7.358557333333334,6.9
Frédéric Auburtin,18.0,0.0,2.0
Steven Zaillian,234.0,0.5381737931818181,6.35
Michael Cohn,2.0,0.0,6.3
Babak Najafi,24.0,1.0400210666666667,5.9
George Lucas,0.0,40.02030957854543,7.4
James Gunn,571.0,0.8633502044275775,7.133333333333333
Jon Turteltaub,226.0,2.0107374238675013,6.5
Penelope Spheeris,122.0,6.0848675,7.0
Fabián Bielinsky,44.0,0.814174,7.9
Daniel Barber,12.0,0.24913438356164383,7.2
Troy Duffy,78.0,0.6418316875,7.1
Harald Reinl,2.0,0.0,6.0
David Cross,0.0,0.0,5.8
Hark Tsui,85.0,0.2878896,4.8
Jason Stone,14.0,0.0,5.8
Steve McQueen,0.0,1.7244124423076923,7.699999999999999
Alan Taylor,230.0,0.8963994068311196,6.85
Charles S. Dutton,534.0,0.15080779487179488,5.3
Noel Marshall,4.0,0.11764705882352941,6.4
Sharon Maguire,11.0,2.7500213846153847,6.7
Jake Paltrow,17.0,0.0013586666666666667,5.9
Hugh Hudson,46.0,5.441677986631016,6.4
Bruce Hunt,2.0,0.4962676,5.1
Hoyt Yeatman,12.0,0.7961350133333334,5.1
Michael O. Sajbel,6.0,0.33477935,6.85
Jeff Burr,155.0,1.2727272727272727,5.9
Henry Koster,28.0,7.2,6.8
Jamie Babbit,91.0,1.1283754166666666,6.5
Stefan Schwartz,13.0,0.10073466666666667,6.6
Christophe Ali,0.0,0.0,5.4
Patrick Lussier,71.0,1.2069766032142857,5.4
Katherine Brooks,57.0,0.0,6.7
Tom Shadyac,293.0,2.7432984405316203,6.314285714285715
Bonnie Hunt,597.0,1.360929125,6.9
Agustín Díaz Yanes,13.0,0.0,6.1
Tom McGrath,96.0,1.1410579769230769,7.3
Gillian Robespierre,9.0,0.0,6.8
Gordon Chan,4.0,0.5392433414634147,5.2
Ethan Maniquis,20.0,2.532376476190476,6.7
David Ray,0.0,0.0,6.8
Jack Heller,0.0,0.0,6.6
Rodrigo Cortés,89.0,0.171443,6.6
Danny Cannon,41.0,1.0471331833333333,5.699999999999999
Michael Martin,0.0,2.944438285714286,3.9
David Oelhoffen,2.0,0.0,7.3
Jorge R. Gutiérrez,34.0,1.00301238,7.3
Joe Cornish,115.0,0.0787826923076923,6.6
Peter Howitt,29.0,0.7806367714285714,6.2250000000000005
Panos Cosmatos,22.0,0.051026363636363634,6.1
Jeff Nathanson,23.0,0.0,5.7
Andrei Tarkovsky,0.0,0.0,8.1
Levan Gabriadze,6.0,31.53732,5.7
John Dahl,131.0,0.8994889826992754,6.800000000000001
Jim Field Smith,14.0,1.5792361,6.4
Michael Cimino,517.0,0.017045454545454544,7.5
Jake Goldberger,2.0,0.0,5.9
Alex Craig Mann,38.0,0.002664,4.6
Harmage Singh Kalirai,11.0,0.0,5.8
John Ford,673.0,0.0,7.55
Arjun Sablok,0.0,0.06690533333333333,3.3
Tom Dey,9.0,1.1603884927272727,5.466666666666666
Jonas Åkerlund,68.0,0.10256025,6.449999999999999
Chris Rock,0.0,1.0599975404040405,5.8
Julien Temple,67.0,0.0,6.6
Tom McCarthy,310.0,6.8640805,7.9
Hugh Wilson,37.0,5.824407260861361,5.825
Saul Dibb,10.0,1.0239808148148148,6.9
Michael Spierig,35.0,1.49879895,6.5
James Melkonian,7.0,0.0,4.6
Kevin Tenney,85.0,3.6846865,5.7
Mike van Diem,4.0,0.15853622222222222,7.8
Stephen Daldry,335.0,1.5853937675,7.4
Leonard Farlinger,0.0,0.0,5.3
François Ozon,341.0,0.1922765625,6.949999999999999
Oren Moverman,38.0,0.010251846153846153,7.2
David Wain,136.0,0.6370913452380952,5.75
Michael Burke,3.0,0.0,7.2
Jorge Blanco,2.0,0.6027722857142858,6.1
Xavier Beauvois,22.0,0.98750725,7.2
Christian Ditter,11.0,1.2319306842105262,6.1
Sacha Bennett,22.0,0.0,4.8
Dan Curtis,45.0,0.0,7.4
Richard Kwietniowski,23.0,0.0505527,7.15
Baz Luhrmann,1000.0,1.4856707284526967,7.12
Fred Schepisi,40.0,0.19386725,7.0
Dean Wright,0.0,0.5240039653287919,6.6
Susan Seidelman,39.0,2.0824993333333333,6.5
Fred Walton,17.0,2.5895526,6.2
Michael Radford,53.0,0.10424236111111111,6.8
Marc Webb,464.0,2.157461094613527,7.133333333333333
Bronwen Hughes,15.0,2.0414862307692307,5.9
Alan Rudolph,18.0,0.014614166666666666,4.6
Ken Annakin,19.0,0.0,7.8
Vincent Paronnaud,10.0,0.6086853424657535,8.0
Robinson Devor,14.0,0.09226666666666666,7.3
Jim Sonzero,2.0,1.01296485,4.7
Rusty Cundieff,38.0,1.9663211666666667,6.1
Jehane Noujaim,63.0,0.0,8.1
Nicholas Ray,117.0,0.0,6.8
Steve Carr,41.0,2.5309740850680384,5.35
Tom Brady,105.0,0.2331318,3.3
Mike Judge,406.0,1.9225482437499999,6.85
Bryan Barber,16.0,0.8366323333333333,6.2
Randall Wallace,130.0,2.9981532670238096,6.625
Michel Leclerc,3.0,0.11170347826086957,7.2
Steve James,23.0,5.626555446428571,7.550000000000001
John Madden,108.0,2.7919415426666667,6.779999999999999
Bart Freundlich,38.0,0.5489981666666667,5.45
David Koepp,192.0,0.8644772747619047,6.459999999999999
Chris Roberts,38.0,0.38586956666666666,4.1
William Bindley,4.0,0.0,6.5
Kabir Sadanand,0.0,0.0,4.7
Cameron Crowe,488.0,0.9570871925777082,6.628571428571428
Peter Ramsey,52.0,0.7131082206896552,7.3
Courtney Solomon,31.0,0.8735867936507937,4.7
Chatrichalerm Yukol,6.0,0.0011356375,6.6
Kirk Loudon,0.0,0.0,5.0
Lars von Trier,3000.0,0.246490526830748,7.5
C. Fraser Press,0.0,0.0,6.7
Sadyk Sher-Niyaz,135.0,0.0,8.7
Hunter Richards,11.0,0.9047857142857143,6.6
Lance Rivera,3.0,0.0,3.6
Tina Gordon Chism,24.0,0.6082556,5.3
Darren Aronofsky,0.0,11.352845815243795,7.483333333333333
Clay Kaytis,6.0,1.4688378630136987,6.3
Wych Kaosayananda,8.0,0.20421202857142856,3.6
Mariette Monpierre,0.0,0.0,6.7
Gary Hardwick,10.0,4.576234833333333,6.3
Tim McCanlies,23.0,0.6901245,7.199999999999999
Jamel Debbouze,326.0,0.0,4.9
Hironobu Sakaguchi,6.0,0.23453890510948905,6.4
Thomas Vinterberg,346.0,0.4762554165182187,7.666666666666667
Andrew Douglas,15.0,3.381854894736842,6.0
Paul Mazursky,150.0,0.16184615384615383,5.9
Gus Van Sant,835.0,2.974511738554026,7.128571428571428
James Cameron,0.0,3.0108294882600366,7.914285714285714
Jonathan Wacks,0.0,0.0,6.1
Eric Bross,49.0,0.13614821875,4.8
Kenneth Johnson,34.0,0.1054018125,2.8
John Simpson,0.0,0.0,6.4
James Mottern,7.0,0.026083,6.7
Barry Cook,43.0,0.4509154,5.2
Davis Guggenheim,49.0,0.1804017222222222,6.533333333333334
Mike Barker,5.0,0.0,6.7
Shawn Levy,189.0,1.9712299888977662,6.033333333333334
Nima Nourizadeh,166.0,4.560356,6.7
Amat Escalante,50.0,0.0,6.8
Måns Mårlind,24.0,0.8903005571428572,6.4
Oren Peli,110.0,3597.2427666666667,5.25
Neil Mcenery-West,0.0,0.0,4.8
Katt Shea,52.0,0.8455755714285714,4.6
Greg Marcks,9.0,0.0,7.2
Sue Corcoran,14.0,0.11798,4.7
Menno Meyjes,43.0,0.2772928148148148,6.8
Peter Weir,608.0,3.505756899430894,7.725
Peter DeLuise,358.0,0.0,5.9
Darren Grant,0.0,9.160386909090908,5.6
Elaine May,124.0,0.2818662941176471,4.2
Scott Frank,71.0,0.9277630357142858,6.5
Mennan Yapo,9.0,2.3926302,5.9
Giuliano Montaldo,4.0,0.0,6.2
Jared Hess,100.0,37.95285909375,6.233333333333334
Lucrecia Martel,33.0,0.21723142857142858,6.7
Bruce McDonald,49.0,0.002318666666666667,6.7
Michael McCullers,5.0,2.008978,6.0
Gavin O'Connor,149.0,1.507105866,6.9799999999999995
Vic Armstrong,179.0,0.874892625,3.1
Chris Stokes,548.0,2.5041560625,3.85
Todd Lincoln,57.0,0.29004694117647056,4.1
Harley Cokeliss,4.0,0.3060858,5.6
Steven E. de Souza,133.0,0.9549577428571429,3.8
James Cox,10.0,0.0704068,6.199999999999999
Richard Dutcher,13.0,0.798341,7.2
Stuart Gordon,216.0,0.42777716250000003,6.1
Timothy Woodward Jr.,764.0,0.0,3.1
Jamal Hill,47.0,0.23370736842105264,7.2
Howard Hawks,393.0,0.0,7.8
Jack Smight,22.0,0.0,6.1
Tom Putnam,15.0,0.49466666666666664,7.5
Joel Zwick,38.0,25.069022623076926,5.449999999999999
Kaige Chen,45.0,0.011136183333333334,5.6
Nimród Antal,190.0,0.6307325975308643,6.433333333333334
Roger Nygard,3.0,1.645792,7.0
Gerard Johnstone,3.0,0.0,6.8
Lee Daniels,304.0,4.465034044444445,7.266666666666667
Jake Kasdan,52.0,1.7244110991071429,6.125
Jerome Robbins,34.0,7.275,7.6
Jugal Hansraj,32.0,0.0,5.3
Dan Harris,24.0,0.057131,7.3
Sanaa Hamri,43.0,0.0,6.0
Peter Webber,73.0,0.27667947,6.6
Terry Gilliam,0.0,2.4898258928132853,7.328571428571428
Joel Paul Reisig,431.0,0.0,6.15
Peter Billingsley,0.0,1.8196035833333333,5.5
Yimou Zhang,611.0,0.03273644179573705,7.0875
Matt Dillon,0.0,0.018599485714285713,6.0
Ted Kotcheff,270.0,0.0,7.7
Leslie H. Martinson,7.0,0.0,6.5
Steve Taylor,14.0,0.4957533333333333,6.0
Georg Wilhelm Pabst,21.0,0.0,8.0
James Bidgood,0.0,0.3048518518518519,6.7
Rand Ravich,7.0,0.31337002941176473,5.3
Jason Bateman,0.0,0.7764027,6.7
George Clooney,0.0,1.8259640097142857,6.76
David Palmer,21.0,6.873275,6.1
Gavin Hood,151.0,0.7704885637878788,6.875
Mark Christopher,15.0,1.2749793076923077,5.8
Jack Perez,19.0,0.0,6.4
Shona Auerbach,11.0,0.0,7.8
Antonia Bird,61.0,0.17174608333333333,7.1
Bobby Farrelly,101.0,1.8069821777924968,6.130000000000001
Simeon Rice,6.0,0.0,5.5
Craig Gillespie,44.0,0.6409202691666667,6.9
Mark L. Lester,73.0,0.3227778229166667,6.324999999999999
David Robert Mitchell,421.0,7.3366505,6.9
Elizabeth Allen Rosenbaum,20.0,1.6468683666666668,6.0
Kiyoshi Kurosawa,62.0,0.094596,7.4
George Miller,658.5,1.3937988857745232,6.8
Steve Boyum,9.0,0.0897704375,3.95
Alexander Payne,729.0,3.116901933333333,7.42
Norman Jewison,278.0,1.413471395626748,6.7
Bradley Rust Gray,2.0,0.0,6.3
Matt Bettinelli-Olpin,14.0,2.2598524285714285,4.0
Justin Molotnikov,5.0,0.0,6.9
John Landis,644.0,9.996426936026937,7.0
John Hamburg,29.0,1.298902742063492,6.366666666666667
Gary Trousdale,21.0,0.8507423441666667,6.85
Dwight H. Little,27.0,2.40732786,5.25
Simon Curtis,64.0,2.654287583806818,7.15
Jean-Marie Poiré,8.0,0.04482284880952381,6.266666666666667
Walter Lang,9.0,0.0,6.8
Mimi Leder,75.0,1.1785455255555555,6.3999999999999995
Richard Donner,503.0,1.0078104761523197,6.824999999999999
Mikael Salomon,13.0,0.28313562857142854,5.8
René Féret,0.0,0.0,6.4
Stefan Ruzowitzky,24.0,0.002358044761904762,5.633333333333333
Michael Polish,35.0,0.9008613663157895,5.78
Jim Amatulli,0.0,0.0,4.5
David Lean,767.0,5.3183030303030305,8.0
Robert Redford,0.0,2.3582288558095237,6.839999999999999
Bob Odenkirk,0.0,0.0450463,5.65
Stanley Kubrick,0.0,0.7974636034798535,8.0
Lisanne Pajot,0.0,0.0,7.7
Sergio Leone,0.0,5.6899999999999995,8.475
Giuseppe Tornatore,911.0,0.0063283703703703705,7.8
Steven Seagal,0.0,0.77181,4.4
Dan Reed,3.0,0.0,5.6
Malcolm D. Lee,92.0,1.7524960768774174,5.785714285714286
Scott Ziehl,4.0,0.022488333333333332,6.6
Taylor Hackford,138.0,0.6818465702186557,6.883333333333333
Jonathan Jakubowicz,23.0,0.0,7.2
Christopher Nolan,22000.0,1.8297805630491395,8.425
Cathy Malkasian,0.0,1.59521904,5.2
Phil Alden Robinson,31.0,1.742225294117647,6.4
Susanne Bier,369.0,0.178071375,7.2
John Crowley,34.0,3.4834122727272727,7.5
Bruce Macdonald,103.0,0.0,4.7
Myles Berkowitz,0.0,8.946116666666667,5.3
Wade Gasque,0.0,0.0,6.8
Dean DeBlois,255.0,1.4534389343564957,7.766666666666667
Christian E. Christiansen,26.0,2.3312566875,4.8
Neema Barnette,21.0,0.486694,5.3
John Eng,0.0,1.57599,5.6
Ash Brannon,9.0,0.58867694,6.8
Marc F. Adler,0.0,0.012798,4.4
Kenneth Lonergan,50.0,3.826775119047619,7.1
Hong-jin Na,43.0,0.0,7.7
Scott Stewart,124.0,1.0152682935897435,5.45
Risa Bramon Garcia,112.0,1.1419393333333334,5.9
Roger Michell,50.0,1.6737052857142858,6.666666666666667
Fernando Meirelles,353.0,1.550855277171717,7.599999999999999
Adrienne Shelly,191.0,9.5338155,7.1
Clark Johnson,69.0,1.0313478291666667,6.05
Alex Gibney,141.0,0.274661,7.7
John Michael McDonagh,51.0,0.8932956666666667,7.3
Shekar,0.0,0.0,7.1
Nathan Greno,15.0,0.772335623076923,7.8
Yuefeng Song,0.0,0.0,6.4
Cody Cameron,18.0,1.5358149615384615,6.5
Claudia Llosa,43.0,0.006620125,5.3
William Eubank,18.0,0.0,6.1
Gérard Krawczyk,7.0,0.005328431372549019,6.6
Matthew R. Anderson,252.0,0.0,3.0
Christian Duguay,18.0,0.4379384125,5.1
Zach Braff,0.0,5.6553806,7.15
Breck Eisner,42.0,0.9290481056980058,6.166666666666667
Daniel Myrick,19.0,2342.1685666666667,6.4
Brian Caunter,0.0,0.0,6.2
Michael Taliferro,105.0,0.0,3.4
Rodman Flender,6.0,0.20014775,6.2
Nnegest Likké,18.0,2.353179,3.0
Bob Clark,84.0,7.0845881777777775,4.675000000000001
Timothy Hines,0.0,0.001218,7.5
Peter Kosminsky,7.0,1.021632625,7.2
Daniel Petrie Jr.,19.0,0.0,4.8
Brian Helgeland,241.0,1.0263954794588395,6.720000000000001
Jean-Pierre Jeunet,0.0,0.24975666289930717,7.340000000000001
Genndy Tartakovsky,266.0,1.9330082691176471,6.9
Rohan Sippy,4.0,0.0,6.2
Noah Buschel,8.0,0.01172,6.2
Jack Conway,6.0,0.0,7.1
Jane Campion,319.0,2.2174459348739495,6.633333333333333
Eldar Rapaport,0.0,0.0,6.1
Robert Adetuyi,8.0,0.0,4.5
J.J. Abrams,14000.0,1.587681567105263,7.449999999999999
Stephen Hillenburg,47.0,2.8472203,7.0
Ryan Fleck,31.0,3.8499614285714285,7.2
Jessy Terrero,29.0,0.8701381875,4.4
Léa Pool,4.0,0.010326666666666666,6.85
Christopher Guest,378.0,1.0721306041666667,7.175000000000001
Jeff Franklin,24.0,0.7,5.8
Daston Kalili,2.0,0.0,5.8
Nathan Frankowski,19.0,0.0,6.6
Blair Erickson,0.0,0.0,5.5
Charles Ferguson,117.0,0.2411482619047619,7.866666666666667
J.B. Rogers,6.0,2.528614493333333,5.65
Paul Gross,329.0,0.28265113333333336,6.25
Eddie O'Flaherty,3.0,0.025995,6.6
Remo,168.0,0.0,6.4
Dagur Kári,29.0,0.0052523684210526314,6.9
Eric Lartigau,7.0,0.0,7.4
Sergey Bondarchuk,27.0,0.0,7.3
David McNally,18.0,1.2315279222222224,5.0
Duke Johnson,26.0,0.4303525,7.3
Valentine,0.0,0.0,5.1
Antonio Simoncini,0.0,0.0,3.1
Angelo Pizzo,14.0,0.1123,7.0
Brendan Malloy,2.0,1.263932909090909,6.3
Ken Loach,644.0,0.0,7.5
Nick Hamm,6.0,0.5733858,4.8
Gregor Jordan,34.0,0.011791433333333334,6.0
Floria Sigismondi,50.0,0.3571735,6.6
Rob Schmidt,36.0,1.223632619047619,6.1
David Kellogg,16.0,1.2981342533333333,4.1
Sylvester Stallone,13000.0,2.10757588125,6.85
Chia-Liang Liu,32.0,5.7732715,7.6
Nickolas Perry,5.0,0.0,5.2
Mikael Håfström,101.0,1.4779095302948404,6.525
Don Mancini,64.0,1.4180158333333333,4.9
Neill Dela Llana,0.0,10.010142857142856,6.3
Kevin Bray,10.0,1.3195693125,5.95
Richard Schenkman,29.0,0.0,6.4
Maïwenn,236.0,0.0,7.3
James Fargo,109.0,0.07142857142857142,6.5
Ron Maxwell,33.0,0.3303149946428572,7.0
Jack Sholder,28.0,13.636363636363637,5.4
Jamie Blanks,9.0,2.378086692857143,5.1
Livingston Oden,0.0,0.0,6.8
Stuart Hazeldine,17.0,0.0,6.9
Paul Fierlinger,3.0,0.0,6.9
John Hoffman,9.0,2.2097782352941175,5.1
Richard Glatzer,25.0,3.97813875,7.3
Gary Shore,28.0,0.7991832857142858,6.3
Eli Roth,0.0,4.26723415,5.566666666666667
Molly Bernstein,0.0,0.302778,7.1
Hal Haberman,0.0,0.006387,6.9
Albert Hughes,117.0,2.740582502232143,7.0
Ice Cube,0.0,5.118086666666667,5.6
Darnell Martin,67.0,0.6778514166666667,7.0
Guillaume Canet,0.0,0.0044816517647058825,6.8
Michael Meredith,7.0,0.0019348,5.5
Stewart Hendler,10.0,0.7472629375,5.1
Dick Richards,6.0,0.1111111111111111,6.3
Marco Schnabel,12.0,0.5190125322580645,3.8
Rick de Oliveira,2.0,0.46412525,2.7
Douglas Aarniokoski,36.0,0.42670633333333335,4.6
Bill Melendez,36.0,0.0,8.4
Rob Pritts,5.0,2.179854727272727,4.6
Olatunde Osunsanmi,58.0,2.546448,5.9
Leon Ford,18.0,0.0,6.1
John Schlesinger,154.0,1.0855476266666668,6.233333333333334
Tony Gilroy,209.0,1.1807742244444446,6.733333333333333
Cal Brunker,7.0,1.425296175,5.9
Vincente Minnelli,136.0,0.798918918918919,7.1
Paolo Monico,3.0,0.0,5.1
Travis Cluff,3.0,227.57819,4.2
John Pasquin,11.0,2.7532426537125647,5.633333333333333
James Nunn,16.0,0.0,5.4
Roman Polanski,2000.0,0.3007860945391256,7.416666666666667
Jim Gillespie,13.0,2.1240998529411765,5.449999999999999
Mark Pellington,89.0,1.1170181656976745,6.85
Christine Jeffs,19.0,1.5068885,6.9
Andrea Arnold,121.0,0.0,7.3
Olivier Dahan,61.0,0.0,5.7
Sam Peckinpah,541.0,0.000978486842105263,7.375
Michael Lehmann,36.0,0.8259081512605041,5.633333333333333
Tyler Perry,0.0,2.9533572199430203,4.9
Anne Fontaine,105.0,0.16711743880275348,6.45
Gnana Rajasekaran,0.0,0.0,7.0
Stig Bergqvist,0.0,2.5500479333333335,6.1
Pece Dingo,0.0,0.0,4.5
Bob Rafelson,30.0,0.024438363636363637,6.35
Leonard Nimoy,12000.0,8.04515249083779,6.599999999999999
Gia Coppola,71.0,0.0,6.3
Michael Mann,0.0,0.8985543415212994,7.083333333333333
Alan Metter,3.0,0.02036241935483871,3.3
Kyle Balda,22.0,4.54094,6.4
Joel Anderson,0.0,0.0,6.1
Kevin Macdonald,162.0,0.9781033888888889,7.633333333333333
Camille Delamarre,11.0,0.6827987128571429,5.4
John Cornell,5.0,6.918114556962025,5.5
Nick Gomez,22.0,0.9641995,5.6
Mike Leigh,608.0,0.3554494853362897,7.359999999999999
George Armitage,5.0,0.9985318066666666,6.15
Dan O'Bannon,228.0,0.0,7.3
Britt Allcroft,2.0,0.8374385789473684,3.6
Blaz Zavrsnik,0.0,0.0,6.4
Liv Ullmann,440.0,0.0,5.6
David Zucker,119.0,1.9562119812801928,5.26
Feroz Abbas Khan,0.0,0.0,7.4
Franck Khalfoun,33.0,0.0021405,6.1
Christopher Hutson,3.0,0.0,3.1
Nick Murphy,58.0,0.0,6.5
Moustapha Akkad,278.0,0.0,8.4
Charlie Levi,0.0,0.0,6.1
Caryn Waechter,0.0,0.0,6.3
Jake Scott,26.0,0.0,7.0
Mike Bigelow,2.0,1.0120221363636364,4.6
Matt Johnson,8.0,0.0,6.7
Dito Montiel,68.0,0.0019246666666666668,5.1
Brandon Camp,7.0,1.2737438888888888,5.6
Jonathan Frakes,906.0,1.1986619952115036,5.8500000000000005
Jim Issa,5.0,0.0,5.2
Hugh Johnson,3.0,0.3302335294117647,5.2
Sarik Andreasyan,9.0,0.0,5.2
Giovanni Zelko,4.0,0.0,7.6
Steve Bendelack,68.0,1.3021284,6.3
John Wells,53.0,1.09603645,6.949999999999999
Richard Attenborough,0.0,0.8329809483361467,7.6
Wes Craven,0.0,4.243816423862942,6.0
Mark Illsley,3.0,1.1433229411764705,6.3
Andy Garcia,0.0,0.2587453125,6.7
Michael Sucsy,23.0,4.167134333333333,6.8
Colin Trevorrow,365.0,4.84578557,7.0
Sally Potter,87.0,0.396035,6.9
Drew Goddard,246.0,1.4014544333333334,7.0
Dominique Othenin-Girard,2.0,3.8807513333333334,5.2
John Blanchard,0.0,0.0,9.5
Peter Hastings,0.0,0.4853998857142857,4.0
Kimble Rendall,0.0,0.0,5.2
Brandon Cronenberg,43.0,0.0,5.7
John Stainton,0.0,2.1845532307692306,5.4
Douglas Trumbull,136.0,0.0,6.7
John Singleton,309.0,2.7147706494146857,6.257142857142857
Peter Hyams,0.0,0.6687961381184282,5.483333333333333
Sara Sugarman,10.0,1.9534731333333333,4.6
Brett Leonard,32.0,2.00585,5.45
David Frankel,64.0,2.0608086284698026,6.6000000000000005
Noam Murro,263.0,0.9669919727272728,6.2
Joe Camp,24.0,79.1052,6.1
Gareth Edwards,380.0,0.474602,6.4
Nelson McCormick,29.0,1.095453975,4.75
Gurinder Chadha,98.0,3.413407642223723,6.1000000000000005
Shinji Aramaki,21.0,0.0,6.5
Glenn Ficarra,43.0,0.9720894208516301,6.866666666666667
John Lafia,5.0,2.192431153846154,5.7
Adam Carolla,102.0,0.07062866666666667,6.1
Dan Cutforth,4.0,2.103415666666667,5.9
Leon Ichaso,5.0,1.8272447,5.9
Barry Levinson,272.0,2.179070845622988,6.576923076923076
Phil Joanou,21.0,0.64054705,5.800000000000001
Greg Coolidge,27.0,2.3696171666666666,5.5
Scott Speer,35.0,1.062343393939394,6.5
Justin Kerrigan,8.0,0.047389545454545455,7.1
Anna Boden,16.0,0.79375725,7.2
Keith Gordon,200.0,0.042057,5.6
Kathryn Bigelow,0.0,1.2637904455555555,7.233333333333334
Denys Arcand,66.0,0.572057,7.7
Matt Williams,18.0,2.2514116,6.8
Robert Duvall,3000.0,4.146697,7.2
James DeMonaco,65.0,12.435214703703705,6.1000000000000005
Dan Fogelman,102.0,0.5348317,7.1
Craig Zobel,25.0,1.1800814814814815,6.4
Jaco Booyens,37.0,0.0,6.9
Frederik Du Chau,7.0,0.283971975,5.7
Alan Jacobs,2.0,0.0,7.3
Vijay Chandar,0.0,0.0,5.1
Irwin Winkler,34.0,1.0523305204545454,6.449999999999999
Jeremy Degruson,0.0,0.0001203235294117647,6.3
Jonathan Kaplan,57.0,0.4045726,6.4
JK Youn,2.0,0.0,5.7
Geoff Murphy,14.0,0.8337347166666667,5.4
Stephen Langford,7.0,0.0,3.2
Bo Welch,34.0,0.9215311467889908,3.8
Scandar Copti,13.0,0.0,7.4
Matthew Bright,9.0,0.0,6.9
Renny Harlin,212.0,1.0692546325748027,5.746666666666666
Andrew Wilson,387.0,0.015893,5.5
Bob Gosse,10.0,0.0,5.3
R.J. Cutler,15.0,4.587394090909091,6.8
Jim Abrahams,104.0,23.82857142857143,7.8
Emile Ardolino,22.0,0.11157863157894737,5.7
Thomas Lilti,12.0,0.0,7.2
Jason Miller,0.0,0.0,7.6
Anthony C. Ferrante,48.0,0.0,3.3
Gary Nelson,20.0,0.0,5.9
Ruairi Robinson,7.0,0.0034054285714285714,5.5
Ruba Nadda,55.0,0.00101575,5.2
James Kerwin,0.0,0.0,5.4
John McTiernan,323.0,1.654861284684874,6.63
David Sington,90.0,0.5670245,8.1
Alison Maclean,7.0,0.5128336,7.0
Betty Thomas,84.0,1.5696452644284398,5.300000000000001
Analeine Cal y Mayor,4.0,0.0,6.2
Jonathan Parker,0.0,0.0,5.0
Will Finn,6.0,0.2878281564935065,5.5
Michael Winterbottom,187.0,0.15743357138932496,6.228571428571428
Kurt Voss,0.0,0.049113333333333335,6.1
Mark Herman,39.0,0.36122324,7.4
Yarrow Cheney,11.0,4.3134072,6.8
Khalil Sullins,5.0,0.0,5.6
Alex Rivera,8.0,0.0302908,5.9
Ol Parker,21.0,0.04248354430379747,7.050000000000001
Pierre Coffin,275.0,4.243854866037376,7.6
Costa-Gavras,333.0,0.10689350854368931,6.75
Pat Holden,6.0,0.0,5.4
Reed Cowan,0.0,0.0399404,7.1
Peter Cattaneo,11.0,5.328369297042607,6.68
Valeri Milev,6.0,0.0,5.1
Chan-wook Park,0.0,0.28966782674603175,7.633333333333333
Paolo Sorrentino,667.0,0.30824847826086954,7.7
Wajahat Rauf,3.0,0.0,7.0
Linda Mendoza,17.0,0.0,4.8
Alex Proyas,295.0,1.1526196771414772,6.82
Collin Joseph Neal,14.0,0.0,3.7
John Francis Daley,0.0,1.8993268387096773,6.1
Carroll Ballard,19.0,0.035833416666666666,7.35
Lori Silverbush,5.0,0.0,6.9
Carlos Carrera,12.0,3.172008888888889,6.8
Willard Huyck,8.0,0.4655935428571429,4.6
Eric Valette,2.0,0.4977135,3.9
Ivan Reitman,425.0,3.3184166487614473,6.075
Alfonso Cuarón,0.0,2.983613792277328,7.8
Angelina Jolie Pitt,11000.0,0.9083309365384615,6.0
Lloyd Bacon,24.0,5.239179954441913,7.7
Bigas Luna,163.0,0.0,6.8
Mike Mitchell,31.0,2.225310811614464,5.675
Curtis Hanson,161.0,1.0317186984525863,6.616666666666666
Benedek Fliegauf,28.0,0.0,6.4
Mike Disa,6.0,0.33782513333333336,4.8
John Bonito,8.0,0.9421657,4.7
Julian Schnabel,232.0,0.44878651515151513,7.45
Katja von Garnier,18.0,0.0,5.5
Anurag Basu,116.0,0.0026707766666666665,6.0
Alan J. Pakula,79.0,1.3689309096899225,6.3
Michael J. Bassett,83.0,0.87645785,5.0
Daniel Mellitz,0.0,0.0,4.7
Michael Haneke,0.0,0.09895105836454432,7.400000000000001
Don Hall,38.0,1.3484103696969696,7.9
Chris Koch,13.0,2.693232203846154,5.25
Spencer Susser,58.0,0.05470657142857143,7.1
Susanna White,24.0,0.4142207142857143,6.25
Robert Iscove,7.0,2.67711405,4.3999999999999995
Jodie Foster,0.0,0.8134599188712522,6.666666666666667
Lucio Fulci,385.0,0.3159675,6.9
Mike Binder,57.0,1.8214417833333332,7.0
Nick Cassavetes,415.0,1.4280912118773945,7.074999999999999
Morgan Spurlock,293.0,60.229293458119656,6.0
Rob Zombie,0.0,1.8257955580952383,5.5600000000000005
Brenda Chapman,59.0,1.44597,7.0
Robert Ben Garant,134.0,2.0339754,5.9
Raja Gosnell,67.0,2.248923387238456,4.916666666666666
Johnny Remo,74.0,0.096734,5.6
Zal Batmanglij,129.0,0.1744843076923077,6.800000000000001
Dave Borthwick,3.0,0.36914965,2.8
James Algar,11.0,11.421704093274855,7.5
Deon Taylor,26.0,0.0286,4.1
Mitchell Altieri,9.0,0.0,8.7
Stephen Milburn Anderson,0.0,0.006635857142857143,6.0
Tyler Oliver,0.0,0.0,5.2
John Sayles,407.0,0.8897150494222689,6.8500000000000005
Matthew O'Callaghan,5.0,1.1667313,6.6
Fritz Lang,756.0,0.004405833333333334,8.3
Craig Johnson,7.0,0.0,6.8
Kevin Reynolds,58.0,1.4721091861904763,6.68
Mike Cahill,135.0,6.58037,7.15
Joby Harold,8.0,1.671375,6.5
Marius A. Markevicius,6.0,0.267556,8.4
Robert Fontaine,7.0,0.0015857142857142858,7.2
Patricia Rozema,22.0,1.7655201,6.7
Mark Helfrich,7.0,1.40002516,5.6
Jason Moore,36.0,3.823433411764706,7.2
David LaChapelle,30.0,0.0,7.1
Dave McKean,21.0,0.21623975,6.9
David Lowery,38.0,0.0,7.3
Sterling Van Wagenen,0.0,0.311516,6.6
Katsuhiro Ôtomo,78.0,0.0002960666024895443,7.5
John Whitesell,14.0,1.2072428960714285,4.88
Sean Penn,0.0,0.8308588,7.5
David DeCoteau,142.0,0.0,3.0
John Frankenheimer,287.0,0.42704386796791444,6.139999999999999
David Fincher,21000.0,1.5352296009626416,7.749999999999998
John Carl Buechler,152.0,6.846428928571428,5.3
Zak Penn,87.0,0.02630714285714286,6.6
Eric Brevig,40.0,1.7560795638888886,5.199999999999999
Gary Halvorson,11.0,0.6843798823529412,5.8
Lynne Ramsay,159.0,0.12419228571428571,7.1
Brian Koppelman,34.0,0.1453516,6.25
David Dobkin,71.0,0.7718675971153846,6.65
Ari Folman,56.0,1.522184,8.0
Adrian Lyne,213.0,9.091298716386556,6.4
Gary Sherman,17.0,1.3442369523809523,4.5
Heidi Ewing,4.0,0.033558333333333336,6.4
Andrey Zvyagintsev,445.0,0.0,8.0
Fernando León de Aranoa,58.0,0.0366005,7.7
Uli Edel,34.0,0.3199973863636364,6.550000000000001
Peter Hedges,54.0,4.970709,6.85
Larry Charles,119.0,2.93661475960928,6.540000000000001
Larry Clark,184.0,2.4724033333333333,7.0
Sidney Lumet,0.0,0.6697834583333333,7.183333333333334
Peter Sohn,113.0,0.0,6.8
Caroline Link,11.0,0.8819264285714286,7.7
Brian Dorton,171.0,0.0,7.3
Ray Griggs,4.0,1.0647475,5.1
Laurent Bouhnik,0.0,0.0,5.6
Bill Condon,386.0,1.5364098029942281,6.383333333333333
Stephen J. Anderson,15.0,0.8895724,7.3
Lajos Koltai,45.0,7.83552e-05,7.1
Gideon Raff,47.0,0.0,4.8
Stephen Sommers,208.0,1.7188366000959356,6.075
John D. Hancock,44.0,0.0,6.6
Adam Goldberg,1000.0,0.0015636363636363636,5.4
Brian Gibson,13.0,0.5094853636363637,6.4
Stuart Baird,53.0,0.984332325,6.4
Brian Trenchard-Smith,53.0,0.09076537878787878,4.166666666666666
Stephen Carpenter,12.0,0.221475,3.9
Richard LaGravenese,98.0,0.9861327147619049,6.659999999999999
Jon Stewart,593.0,0.6186982,6.6
Tom DiCillo,32.0,0.0,5.8
Aaron Seltzer,64.0,2.4273289,2.7
Henry Hobson,9.0,0.01543235294117647,5.6
Ken Roht,0.0,0.0,7.0
Brett Piper,7.0,0.0,4.5
Jonathan Levine,129.0,1.6531672592261903,6.800000000000001
Fina Torres,26.0,0.62730625,5.3
Michael Patrick Jann,31.0,1.0561238,6.5
Jacques Perrin,63.0,0.27621188125,7.9
Kari Skogland,13.0,0.0,6.9
Mateo Gil,3.0,0.0,6.6
Vicky Jenson,96.0,0.42491286666666667,5.3
Jason Trost,91.0,0.0,4.0
John Lasseter,487.0,2.6944423905555555,7.38
Gregory Widen,10.0,2.01448475,6.6
Nadia Tass,20.0,0.0,7.2
Jeff Nichols,337.0,0.6777282638888888,7.2
Darren Lynn Bousman,163.0,7.22296654882353,6.56
Carmen Marron,29.0,0.07295469387755102,3.9
Michael McGowan,12.0,0.132521,7.6
José Padilha,294.0,0.3913850466666667,6.833333333333333
Steve Hickner,58.0,0.8439808066666666,6.2
Julie Taymor,278.0,0.8107786097222223,6.9
Klaus Menzel,34.0,0.0032132,3.3
Gaspar Noé,929.0,0.012941038461538462,7.35
Victor Fleming,149.0,19.293514084677373,7.766666666666666
Dennis Hopper,0.0,0.0,7.2
Darrell Roodt,36.0,0.0,6.0
Masayuki Ochiai,5.0,3.240817875,5.2
Neil Jordan,277.0,3.8647456984704966,6.762499999999999
Andrew Morahan,5.0,0.5319128461538462,4.3
Robert Rossen,31.0,0.0,8.0
David Anspaugh,25.0,0.0187737,6.2
Jon Wright,4.0,0.0,6.3
John R. Leonetti,40.0,7.080623715384615,4.550000000000001
David Hayter,512.0,0.0,5.3
David Slade,171.0,2.2390004335655314,6.2
William Wyler,355.0,11.261904761904763,8.1
Stanton Barrett,20.0,0.0,3.4
Andrucha Waddington,6.0,0.0,7.5
François Truffaut,0.0,0.016808125,7.2
Richard Kelly,219.0,0.3727300190631808,6.3999999999999995
Randall Miller,19.0,5.310794094117647,6.949999999999999
Henry Bean,21.0,0.27069,7.2
Justin Thomas Ostensen,0.0,0.0,4.5
Richard Shepard,47.0,0.43070368,6.633333333333333
Ciarán Foy,11.0,2.7736779,5.2
Patrick Gilmore,0.0,0.4381386666666667,6.7
Jesse Dylan,58.0,1.8873665883838384,6.033333333333332
Allen Coulter,47.0,1.191064,7.2
Jill Sprecher,11.0,0.36527055555555554,6.75
Marcus Nispel,158.0,0.0,4.6
Steve Martino,20.0,1.5064880431685275,6.9
Carl Franklin,73.0,0.8602925053968254,6.6000000000000005
Billy Kent,0.0,0.0,5.6
Baltasar Kormákur,175.0,1.5615983979135617,6.766666666666667
Andrés Muschietti,127.0,3.579411,6.2
Benh Zeitlin,188.0,7.102442777777778,7.3
John Ottman,83.0,1.5334862142857142,4.1
Irvin Kershner,883.0,8.83079863888889,7.5
Henry Selick,253.0,0.6633972633333334,6.2
Warren Beatty,631.0,0.6405272422222222,6.8
Craig Moss,19.0,0.0,2.6500000000000004
Greg Harrison,7.0,1.7526396666666666,6.0
Dennis Iliadis,29.0,2.1814423333333335,6.6
Rob Bowman,38.0,0.9131635701021847,6.05
Peter Faiman,4.0,19.844886363636363,6.5
Karen Moncrieff,22.0,0.232063,6.7
Nanette Burstein,8.0,0.556166125,6.3
Steve Pink,38.0,2.054390513809524,5.866666666666667
Elizabeth Banks,0.0,3.8984271235632186,5.4
Kurt Hale,0.0,2.362413,6.2
Majid Majidi,373.0,5.141122222222222,8.5
Brad Furman,65.0,0.8970948616666666,6.733333333333333
Joseph Kahn,33.0,0.264704025,4.9
Juan José Campanella,195.0,5.041856,7.449999999999999
Allison Anders,99.0,0.893346375,6.4
Tony Scott,12000.0,2.1402612399486207,6.791666666666667
Nick Tomnay,11.0,0.09686,6.8
Will Canon,8.0,0.0,5.3
Scott Foley,0.0,0.0,5.4
Jon Amiel,36.0,1.0350147712121212,6.200000000000001
Robert Hall,53.0,0.0,5.2
Abel Ferrara,220.0,0.09818592,6.6
Tom Schulman,45.0,1.1866633333333334,5.3
Harry Beaumont,4.0,7.408970976253298,6.3
Perry Lang,17.0,0.0,5.8
Danny Perez,0.0,0.0,6.3
Paul Greengrass,521.0,1.4423148358225109,7.585714285714287
Laurent Cantet,39.0,0.0,7.5
Alex van Warmerdam,53.0,0.0,7.0
Xavier Gens,87.0,0.8304901666666668,6.05
Ethan Coen,1000.0,2.016334206186579,7.114285714285714
Paul Donovan,4.0,0.0,4.3
Herb Freed,5.0,0.0,4.5
Tom Gormican,19.0,3.25613525,6.1
Justin Tipping,2.0,0.0,7.8
William Gazecki,3.0,0.0,7.1
Jake Schreier,14.0,1.9980469333333333,6.75
Joe Dante,287.0,5.263774248571429,6.3
Peter Chelsom,23.0,1.1338328424444444,5.78
David Schwimmer,0.0,0.0030638947368421053,6.8
Kirk De Micco,16.0,1.1000431313313312,5.9
Kate Connor,27.0,0.024559333333333332,5.9
Peter Farrelly,137.0,7.948459625,7.3
Kevin Lima,36.0,1.1449908,5.949999999999999
Todd Phillips,480.0,3.215835810387232,6.6571428571428575
Paul Bartel,43.0,0.0,6.2
Paul Weitz,80.0,2.431625639298859,6.016666666666666
Milos Forman,869.0,9.662074777583527,8.133333333333333
Fred Wolf,29.0,1.128831705,5.4
Quentin Dupieux,248.0,0.196034,5.8
Doug Block,0.0,0.0,7.5
Mike Mills,101.0,1.0681831875,6.9
Chris Columbus,0.0,4.111661182966894,6.654545454545455
Vladlen Barbe,0.0,0.0,5.3
Robert Stromberg,171.0,1.3411518222222223,7.0
Tom McLoughlin,41.0,6.490685666666667,5.9
Paul Fox,3.0,0.0,6.1
Sean Durkin,46.0,0.0,6.9
Sai Varadan,0.0,0.0,7.2
Rob Letterman,11.0,1.0686569186176107,6.050000000000001
Hans Petter Moland,19.0,0.009868923076923077,7.3
Roger Christian,64.0,0.4879928409090909,2.4
Al Franklin,0.0,0.0,4.3
Zach Cregger,138.0,0.7571291666666666,5.1
Eli Craig,27.0,0.0,7.6
Matthew Watts,0.0,0.0,6.8
Duncan Jones,0.0,1.00161076875,7.566666666666667
John Patrick Shanley,53.0,1.6711278,7.5
Allan Arkush,13.0,0.0,4.2
Michel Gondry,1000.0,1.7465316166666667,6.925
Robert Greenwald,21.0,0.0,7.25
Michael Winner,136.0,0.0,4.0
Chris Weitz,129.0,1.9977108659999998,6.08
Nadine Labaki,0.0,0.8158392307692308,7.2
Jean-Luc Godard,0.0,0.0,7.550000000000001
Newt Arnold,15.0,10.732835454545455,6.8
Colin Strause,25.0,1.5910345750000001,4.550000000000001
Lasse Hallström,529.0,1.4218521177970178,7.111111111111111
Matty Rich,10.0,3.013658888888889,6.2
Ben Affleck,0.0,2.7738926612511388,7.65
Tom Ford,192.0,1.309551857142857,7.6
Keith Parmer,2.0,0.0,4.6
Mitch Davis,7.0,0.3371693571428571,5.8
Paul Abascal,2.0,0.7856036,5.8
David Yates,282.0,1.1332133094444443,7.050000000000001
Andrew Traucki,10.0,0.0,5.8
Jay Alaimo,2.0,0.0,4.6
Dennis Dugan,221.0,1.9621302749027396,5.7333333333333325
Mic Rodgers,7.0,0.43463416666666665,4.1
Andrew Currie,8.0,0.03726375,6.8
Pete Jones,18.0,0.079894,6.5
Ted Demme,47.0,1.764571,7.6
Charles Stone III,30.0,1.7732924166666668,5.6
Jan de Bont,101.0,1.9216708880034326,5.52
Rachel Goldenberg,7.0,0.0,2.5
Errol Morris,239.0,0.0,7.5
Brad Anderson,122.0,1.5979020912820512,6.860000000000001
Joshua Tickell,9.0,0.0695132,7.6
Tony Giglio,6.0,0.0,5.3
Laurie Collyer,38.0,0.0992035,6.6
Christopher Cain,58.0,1.7687353111888113,6.3
Tom Seidman,3.0,0.0,6.2
James Gartner,0.0,0.0,7.2
Kevin Allen,8.0,0.46979060576923076,5.4
Rob Minkoff,50.0,0.7317836598933332,5.94
David Jacobson,12.0,0.071086875,6.5
Alan Shapiro,0.0,0.7852610654132394,5.2
Robert Towne,162.0,0.03109692,7.2
Robert Moresco,53.0,0.006685125,6.4
Michael Apted,150.0,0.5666978796956549,6.516666666666666
Clive Barker,385.0,14.564027,7.0
Jonathan Newman,3.0,0.00019024,5.4
Kenny Ortega,197.0,2.1682093815151515,5.7
Luis Llosa,49.0,1.365784111111111,5.0
Griffin Dunne,165.0,0.485533375,5.9
Paul Bunnell,5.0,0.001218,5.7
John Cameron Mitchell,263.0,0.6471325444444445,7.1000000000000005
Steve Trenbirth,0.0,2.39439715,5.4
Robert Schwentke,124.0,1.142508601138708,6.349999999999999
Siddharth Anand,5.0,0.1454405,5.4
Lisa Azuelos,15.0,0.0,4.3
Luke Greenfield,42.0,2.2699257810809774,6.0
Gene Quintano,0.0,3.412121951219512,6.1
Hilary Brougher,0.0,0.07278,6.3
Jason Alexander,700.0,0.013284,6.7
Robert Townsend,467.0,52.28617,7.0
Agnieszka Wojtowicz-Vosloo,0.0,0.02405088888888889,5.9
John Turturro,0.0,0.0,6.25
David S. Ward,42.0,4.527013454545455,7.2
Peter Lepeniotis,7.0,1.5294945238095239,5.8
Frank Miller,436.0,0.7979055162393163,6.466666666666666
Joseph Dorman,0.0,1.813332,6.8
Eric England,15.0,0.0,4.1
Mel Brooks,0.0,11.20889134454595,7.157142857142857
Andrew Adamson,80.0,1.9241359495555557,7.08
Oleg Stepchenko,0.0,0.0,5.4
Rupert Wyatt,81.0,1.5303115922580643,6.533333333333334
Todd Strauss-Schulson,12.0,1.843882052631579,6.3
Anthony Russo,94.0,1.1461559359215685,7.0
Catherine Gund,0.0,0.042398,6.8
Robert Mulligan,89.0,0.0,8.4
Allen Hughes,90.0,0.5626459428571429,6.2
James Wong,70.0,1.3963266908685794,5.275
Alec Asten,5.0,0.0,4.3
David Worth,58.0,0.0,6.9
Terry Zwigoff,72.0,2.1111788928571427,7.25
Frank Capra,964.0,0.0,8.059999999999999
Lijun Sun,0.0,0.0,3.2
Jon Hess,29.0,0.4,5.1
Matthew Robbins,25.0,0.3333333333333333,6.7
John Curran,43.0,0.24823341799437676,6.45
Edward Burns,0.0,103.26827754761905,6.424999999999999
Eric Bress,19.0,0.001842076923076923,7.7
Russ Meyer,199.0,10.0,6.2
P.J. Hogan,29.0,2.7566328695652174,6.3
Martha Coolidge,57.0,0.0,5.9
Jean-François Richet,25.0,0.99880365,6.3
Mark Dindal,10.0,0.6356150054166667,6.666666666666667
Juraj Jakubisko,15.0,0.0,6.0
Chris D'Arienzo,7.0,0.0,5.9
Emily Dell,0.0,0.0,4.0
Josh Boone,131.0,10.405736416666667,7.8
Rohit Jugraj,2.0,0.0,6.6
Brad J. Silverman,11.0,0.0,6.1
Jérôme Deschamps,0.0,0.0,2.9
John Waters,0.0,6.260751646153847,6.333333333333333
Barry W. Blaustein,6.0,4.09514,7.6
Marc Forby,3.0,0.09820966666666667,6.2
Marianna Palka,123.0,0.0,6.5
Amanda Gusack,0.0,0.0,6.1
Kent Alterman,3.0,0.6085972727272727,5.8
Patrick Hughes,385.0,0.4365780222222222,6.1
Miranda July,244.0,1.942567,7.4
Takao Okawara,2.0,0.01003739,6.0
Barry Skolnick,0.0,0.0368764,6.5
Simon Wincer,23.0,0.7470757777533662,5.625
Salvador Carrasco,22.0,0.25326,6.8
Richard Wallace,5.0,0.0,6.2
Andrew Jarecki,46.0,0.0,6.3
Wolfgang Becker,31.0,0.8466372916666667,7.7
J Blakeson,5.0,0.9187626842105263,5.2
Dan Zukovic,8.0,0.0,6.9
Jay Oliva,41.0,0.0,8.4
Arie Posin,3.0,0.007283235294117647,7.0
Peter Yates,170.0,0.0,6.0
Carlos Saldanha,107.0,1.874645716413835,6.824999999999999
Álex de la Iglesia,275.0,0.0003607,6.1
Mary McGuckian,6.0,0.0017866666666666667,5.1
Phil Morrison,17.0,0.0,5.6
Jason Reitman,655.0,7.922027984757835,7.2
Jean-Jacques Mantello,0.0,1.253146,6.5
David Bowers,42.0,1.3674621634247743,6.5
Benjamin Roberds,0.0,0.0,6.3
George Hickenlooper,60.0,0.15283137142857142,6.300000000000001
Agnieszka Holland,238.0,0.03207145454545455,6.8
Glen Morgan,17.0,1.0576912676767676,5.35
Martin Brest,102.0,4.662375747751323,6.1000000000000005
Jamie Thraves,2.0,0.0,6.0
Jeff Lowell,4.0,0.756367,5.2
Rick Bieber,11.0,0.06660183333333333,5.7
Edward Norton,0.0,1.2345468,6.4
István Szabó,109.0,0.42994716666666666,7.1
Emilio Estevez,0.0,0.8003213571428571,7.0
Inna Evlannikova,0.0,0.0,5.2
George Stevens,126.0,0.4,6.6
Wes Anderson,0.0,1.5362203653798188,7.628571428571428
Tom Tykwer,670.0,0.5790479917310924,7.220000000000001
Frank Coraci,153.0,1.7140835431277057,5.8999999999999995
Jonathan Glazer,143.0,0.08343138333333333,6.566666666666666
John Murlowski,20.0,0.0,5.8
Roger Vadim,35.0,0.0,5.9
Edward Dmytryk,74.0,0.0,5.5
Keenen Ivory Wayans,322.0,1.8255787842131195,5.175
Tadeo Garcia,5.0,0.0,6.1
Tamra Davis,33.0,2.785994555555556,4.433333333333334
Stanley Tong,7.0,4.311181333333334,6.7
Mary Pat Kelly,3.0,0.0,5.8
Ari Kirschenbaum,0.0,0.0,5.8
Sylvain Chomet,162.0,0.7370794736842106,7.8
Hitoshi Matsumoto,17.0,0.00414,6.1
Stephen Norrington,45.0,1.2038319188034188,6.449999999999999
Don Taylor,11.0,0.0,6.3
Anthony Powell,9.0,0.287761,7.6
Eric Darnell,35.0,1.352391759718167,6.760000000000001
Chris Nahon,20.0,1.47333892,6.6
Jeremy Sims,8.0,0.0,7.1
Nancy Walker,42.0,0.1,4.5
François Girard,63.0,0.9473382,7.7
Stacy Peralta,147.0,0.0,7.800000000000001
Ti West,243.0,0.107589,5.95
Joe Kenemore,0.0,0.0,8.2
Kelly Makin,6.0,0.84660855,5.8
Wilson Yip,25.0,0.05906975,7.2
John Boorman,128.0,0.24984542592592593,5.733333333333334
E. Elias Merhige,54.0,0.6787823402777777,6.4
Joe Cross,65.0,0.0,7.6
Daniel Hsia,0.0,0.0,6.3
Jorge Ramírez Suárez,45.0,0.025103,7.7
Trey Parker,406.0,1.383701203174603,7.066666666666666
Sanjay Rawal,0.0,0.0,7.1
Anthony Hickox,16.0,1.300893,5.3
Mark Mylod,20.0,0.6993741,6.0
D.J. Caruso,154.0,2.044944645833333,6.74
Robert Altman,500.0,1.3959175085769981,6.8
Vicente Amorim,6.0,0.0015394,6.2
Jonathan Liebesman,473.1666666666667,1.6992720987770564,5.699999999999999
James Watkins,43.0,1.597713911764706,6.6
Alex Zamm,43.0,0.0306715,2.3
Conor McPherson,0.0,0.0,6.2
Joel Schumacher,541.0,1.30514250972959,6.407692307692307
Salim Akil,70.0,3.5429812540106953,5.7
Julie Anne Robinson,30.0,1.9034042375,5.55
Alister Grierson,24.0,0.7690015,5.9
Peter Sollett,6.0,2.055736417989418,6.8
Robert Eggers,22.0,7.182369142857143,6.8
Alejandro Amenábar,448.0,1.4730687993697478,7.15
Ben Younger,46.0,2.117272375,7.0
Tom Green,374.0,0.9499336666666667,4.5
Jim Sheridan,260.0,0.8384881446678323,6.300000000000001
Joe Johnston,394.0,1.07387455703149,6.325
Lawrence Kasanoff,11.0,0.0,1.7
Rob Reiner,0.0,2.1153906038553743,7.0181818181818185
Sofia Coppola,0.0,3.1507765330357143,6.925
Ryan Murphy,708.0,0.9529041666666667,5.95
J.C. Chandor,78.0,0.837688191005291,7.0
Sylvio Tabet,0.0,0.1448875,3.8
J.S. Cardone,23.0,1.3510542,5.3
Joshua Michael Stern,0.0,0.7754457142857143,6.1
Jérôme Salle,22.0,0.0,6.7
John Stephenson,0.0,0.0,5.8
Doug Atchison,3.0,0.0,7.5
Ingmar Bergman,0.0,0.0,8.2
Sam Weisman,39.0,1.1694558986928105,5.449999999999999
Franco Zeffirelli,160.0,1.1956769166666668,6.9
Ivan Engler,0.0,0.0,6.2
David Mirkin,7.0,1.1524006857142857,6.2
Gregory Jacobs,13.0,4.460133310810811,5.7
King Vidor,54.0,0.85,7.133333333333334
Mark Rosman,15.0,1.6107345,5.7
Scott Kalvert,9.0,0.6044618,5.6
Richard Linklater,0.0,6.645420210559829,7.327272727272727
Cory Edwards,19.0,2.917359257142857,6.5
Peter Cousens,5.0,0.0,6.2
Gregory Poirier,5.0,1.2326126363636363,5.3
Jeff Wadlow,65.0,4.103842521428572,6.366666666666667
Julian Jarrold,11.0,0.5655730606060606,7.1
Todd Graff,650.0,0.748536915,6.050000000000001
Martin McDonagh,454.0,0.7582297,7.6
Billy Ray,53.0,0.18399791666666668,6.7
Bryan Singer,0.0,1.5461986090258812,7.2875000000000005
Francis Ford Coppola,0.0,3.5572212116238173,7.418181818181819
William A. Fraker,28.0,0.4444444444444444,5.0
Guillaume Ivernel,0.0,0.0,6.6
Amy Holden Jones,11.0,0.0,6.1
Steve Gomer,9.0,0.7429678666666667,2.8
Lisa Cholodenko,450.0,5.943782,7.1
Tim Miller,84.0,6.2590390172413795,8.1
John Moore,212.0,0.9595221729554865,5.799999999999999
Ole Bornedal,30.0,3.5087370714285715,5.9
F. Gary Gray,473.0,2.954194124658955,6.937499999999999
Anthony O'Brien,7.0,0.0,5.5
Damien Chazelle,141.0,3.9672727272727273,8.5
Dan Scanlon,37.0,1.342441645,7.3
Jacob Aaron Estes,9.0,1.207886,7.3
Charles Chaplin,0.0,0.10883,8.6
David O. Russell,737.0,2.3373104007548706,6.7749999999999995
Stanley Donen,134.0,0.0,8.3
Shimit Amin,6.0,0.0,7.5
Tony Maylam,6.0,0.7758317142857143,6.2
Martin Koolhoven,12.0,0.135715,7.1
Ward Roberts,12.0,0.0,6.5
Steve Barron,48.0,0.60366168,5.3
Julie Davis,12.0,0.0,5.4
Ramaa Mosley,6.0,0.007381111111111111,6.4
Mick Jackson,81.0,2.7026594666666663,5.75
Phillip Noyce,176.0,1.1947125995240024,6.7666666666666675
Kevin Hamedani,23.0,0.0,5.1
Henry Alex Rubin,30.0,0.870685305943112,7.8
Jorma Taccone,434.0,0.8460995,5.5
John Luessenhop,34.0,3.0042660000000003,5.5
Daniel Sackheim,12.0,0.5983810333333334,5.8
Victor Nunez,9.0,2.302701087962963,7.15
Mike Flanagan,59.0,2.7689474,6.15
Justin Paul Miller,0.0,0.0,8.3
Oliver Parker,32.0,0.5157848757936507,6.475
Ossie Davis,282.0,0.0,6.6
Mickey Liddell,7.0,2.6700354,3.8
Sam Fell,18.0,0.8469791666666666,6.1
Matt Piedmont,4.0,0.9825396666666667,5.5
David Nutter,119.0,1.1607554,5.5
Sheldon Lettich,23.0,1.2762229,6.1
Philip Saville,10.0,0.23929923529411765,7.7
Danny Steinmann,13.0,9.681818181818182,4.7
Alex Ranarivelo,20.0,0.0,4.8
Mora Stephens,5.0,0.0,5.7
Forest Whitaker,0.0,2.001126,5.9
David E. Talbert,68.0,2.5370136470588234,5.0
Douglas Cheek,4.0,0.0,5.5
Ben Wheatley,214.0,0.026297,6.4
Nicolae Constantin Tanase,0.0,0.0,6.5
Joe Swanberg,217.0,0.2148857142857143,5.85
Rowdy Herrington,9.0,0.8838243529411764,6.6
Stewart Raffill,12.0,0.0,4.55
Jeremy Saulnier,57.0,0.44295007178453283,7.1
Ridley Scott,0.0,1.2681507435298653,7.070588235294117
John Sturges,120.0,0.0,8.3
Mark Griffiths,4.0,0.0,6.3
Liz Friedlander,3.0,1.1567742666666667,6.7
Mike Mayhall,14.0,0.0,8.6
David Caffrey,4.0,0.0,6.1
Kim Farrant,93.0,0.0,5.2
Guillermo del Toro,0.0,1.324052497678123,7.140000000000001
Michael Corrente,30.0,0.5457708928571429,6.4
Khalid Mohamed,10.0,0.610991,6.2
Justin Lin,681.0,3.6843933712432433,6.840000000000001
Derek Cianfrance,310.0,2.0987136,7.35
Phil Lord,97.0,3.168334287619048,7.2749999999999995
Andrew Erwin,10.0,1.0429707,6.1
Ricki Stern,15.0,0.005555,7.7
Greg Berlanti,112.0,1.744858,7.0
Frank Lotito,5.0,0.0,8.2
Neil Marshall,197.0,2.598480087301587,6.533333333333334
Paul Thomas Anderson,0.0,0.933771796768018,7.516666666666667
George Sidney,24.0,0.7075666737865564,6.833333333333333
Chris Shadley,0.0,0.0,5.5
Chris Buck,69.0,2.6715773333333335,7.6
Jean-Marc Vallée,212.0,2.766179841269841,7.466666666666666
Steve Box,9.0,1.8689515666666667,7.5
Qasim Basir,13.0,0.0,6.7
Jonathan Demme,438.0,2.218814333318918,7.1
Jonathan Teplitzky,6.0,0.2463935,7.1
Shintaro Shimosawa,29.0,0.0,5.3
Rick Famuyiwa,44.0,2.884364130952381,6.4
Gabriele Muccino,125.0,1.1617637584415585,6.975
Brian Dannelly,12.0,1.757343,6.9
Ava DuVernay,151.0,1.496725,7.0
David Twohy,123.0,1.1164934906832298,6.675000000000001
Jon Knautz,10.0,0.0,5.633333333333333
Nae Caranfil,34.0,0.0,7.1
Ritesh Batra,25.0,4.2315,7.8
Jeff Garlin,522.0,0.129712,6.2
Roger Spottiswoode,55.0,0.3965850632899113,6.3
Christopher McQuarrie,188.0,1.1698265993137256,7.025
Jeff Crook,5.0,0.0,4.6
Jennifer Yuh Nelson,90.0,1.1015350733333333,7.3
Mark Young,14.0,0.0,5.4
Daryl Wein,38.0,5.092133333333333,6.2
Andy Cadiff,3.0,0.5299788695652173,6.1
Mathieu Amalric,412.0,0.0,6.3
Joe Carnahan,248.0,1.8507340099346408,6.8999999999999995
Katie Aselton,224.0,0.0,4.7
Robert M. Young,0.0,0.0,7.1
Joe Roth,148.0,1.58926244375,5.45
James Toback,56.0,0.9802005454545455,5.25
Leslye Headland,21.0,0.13942266666666667,5.3
Karan Johar,160.0,0.16978522714285713,7.0
Jeremy Brock,16.0,0.0,6.8
Jason Friedberg,82.0,1.4152986525,2.6
Marc Forster,395.0,1.7064034750548245,7.15
Alain Resnais,752.0,0.0,6.3
Stephen Chow,0.0,0.30137355,7.2
Peter Atencio,10.0,1.3710884666666667,6.4
Brian De Palma,0.0,1.326913318859083,6.683333333333334
Neill Blomkamp,662.0,1.7694255758947055,7.166666666666667
Daniel Lee,10.0,0.0005570230769230769,6.15
Anthony Hemingway,143.0,0.859923948275862,5.9
Mamoru Hosoda,99.0,1.9257502,5.9
Gabriela Tagliavini,20.0,0.0,3.2
Benson Lee,9.0,0.44441775,5.0
Lowell Sherman,16.0,0.0,6.5
Adam Green,134.0,0.0,5.7
Jonathan English,9.0,0.0,6.2
Andrew Niccol,487.0,0.4859197516666667,6.88
Charlie Kaufman,0.0,0.14675833333333332,7.5
Grant Heslov,293.0,1.29664436,6.2
Jim Hanon,2.0,1.1703287,7.0
Stevan Mena,25.0,0.0,5.1
James Gray,115.0,0.4458377254464286,6.75
Robert Rodriguez,0.0,24.088850543004135,5.6923076923076925
Benni Diez,2.0,0.0,5.0
Matt Birch,0.0,0.0,6.95
Harold Ramis,11000.0,2.704163657315449,6.55
Yorgos Lanthimos,252.0,0.0,7.3
Joseph Ruben,29.0,0.519474,5.6
Andrew Hyatt,7.0,0.0,4.4
Paul W.S. Anderson,545.0,1.0098892744965036,5.99
James Foley,164.0,0.7257953466666667,6.833333333333333
D.W. Griffith,204.0,0.0,8.0
Raymond De Felitta,20.0,1.1117853333333334,7.4
Stefan C. Schaefer,0.0,0.0,5.7
David Webb Peoples,73.0,0.088229,6.5
Carlos Saura,98.0,0.002410444285714286,7.2
Brian Levant,32.0,1.709049114732143,4.816666666666666
Prachya Pinkaew,64.0,0.059527595,7.1
Alexander Witt,38.0,1.127557288888889,6.2
Alan Poul,16.0,1.0708926285714286,5.3
James Schamus,44.0,0.0,7.8
H.M. Coakley,0.0,0.0,4.9
Wolfgang Petersen,249.0,0.9498250086869747,6.857142857142857
Dennis Gansel,23.0,0.0,7.6
Graham Annable,7.0,0.8467939833333333,6.8
Sngmoo Lee,19.0,0.12587224444444445,6.3
Mary Harron,126.0,2.149631285714286,7.6
Paul Feig,176.0,2.238808578279666,5.9
Brandon Trost,32.0,0.67595,5.6
Mark Tonderai,13.0,4.580811304347826,5.6
Peter MacDonald,10.0,0.852628746031746,5.7
Russell Mulcahy,85.0,0.69412153,6.275
Kimberly Peirce,108.0,2.138637608333333,6.475
Melville Shavelson,5.0,0.0,7.2
Steve Rash,15.0,0.505800875,5.25
Adam Rifkin,89.0,0.1397675,6.5
David Ayer,452.7142857142857,1.6606159290396156,6.771428571428572
Tom Hanks,15000.0,1.0891088076923077,6.5
Michael Hoffman Jr.,32.0,0.0,3.5
Vivek Agnihotri,5.0,0.03266666666666666,4.8
Alan Parker,317.0,0.6074725454545454,7.033333333333334
Robert Marcarelli,0.0,1.6814069333333332,3.5
Don Coscarelli,152.0,0.8092056666666667,6.633333333333333
Terry George,83.0,1.3413085714285715,8.1
Annabel Jankel,5.0,0.4979872619047619,4.0
Theodore Melfi,51.0,3.394992153846154,7.3
Tod Williams,21.0,28.249961333333335,5.7
Oliver Blackburn,4.0,0.02042,5.2
Mark Romanek,132.0,1.396948625,7.0
Chuan Lu,14.0,0.0099935,7.7
Gary Sinyor,0.0,0.0,6.4
Michael Cristofer,49.0,0.38697059523809524,6.0
Robert Heath,0.0,0.0,5.6
Peter Berg,532.0,1.1960434336752754,6.666666666666667
Mark A.Z. Dippé,20.0,1.374183975,5.2
Ron Shelton,41.0,0.6380131505555555,5.9
Alan Alda,0.0,0.0,7.2
Craig Bolotin,7.0,0.45166176923076923,6.0
Leslie Small,15.0,6.4461814,7.1
Stephen Chbosky,139.0,1.3645053846153845,8.0
Tony Bill,23.0,0.21803813333333333,6.6
Adam Shankman,163.0,2.0446103731885823,5.9625
Ronald Neame,38.0,0.0,4.9
Rod Lurie,37.0,0.40623797056410255,6.6
Darren Stein,18.0,0.43884957142857145,5.5
Colin Minihan,6.0,0.0,6.1
Matthew Hastings,3.0,0.0,4.6
William Sachs,14.0,0.0,3.4
Gina Prince-Bythewood,107.0,2.4500870834054833,7.133333333333333
Gore Verbinski,563.0,1.2789366543914096,6.985714285714286
Kim Nguyen,16.0,0.0,7.2
Mark Neveldine,83.0,0.9040596499371973,5.5600000000000005
Cheryl Dunye,17.0,0.0,4.5
Lukas Moodysson,187.0,0.0,7.9
Jon Hurwitz,22.0,2.1542143833333336,6.65
Stephen Herek,65.0,2.8948427626939948,6.125
Jaume Balagueró,57.0,0.523849942722372,6.675
James Marsh,120.0,2.6752311000000004,7.75
Mike Nawrocki,12.0,1.3366585357142857,6.15
Claude Miller,27.0,0.004128,6.9
Anthony Minghella,333.0,2.051952906215815,7.3
Alex Cox,92.0,0.0,6.9
Richard J. Lewis,12.0,0.0,7.3
Ray Lawrence,10.0,0.0266586,6.4
Russell Holt,0.0,0.4463252,6.9
Jorge Gaggero,0.0,0.0,7.2
Michael Cuesta,52.0,1.0601567428571428,7.1
Scott Mann,8.0,0.0,6.1
Fedor Bondarchuk,35.0,0.0,5.3
Reginald Hudlin,71.0,1.1906717063740857,5.266666666666667
Demian Lichtenstein,11.0,0.37472933333333336,5.9
Nora Ephron,0.0,1.4292286833333332,6.166666666666667
William Kaufman,58.0,0.0,5.300000000000001
Michael Curtiz,345.0,0.0,7.433333333333333
Matt Walsh,490.0,0.0,5.4
Neil LaBute,119.0,39.03274035606061,6.566666666666666
Gil Kenan,27.0,0.5626342454545454,6.55
Cassandra Nicolaou,0.0,0.0,6.0
Robby Henson,9.0,0.40787833333333334,5.1
John Herzfeld,17.0,0.2901837619047619,6.0
Nicholaus Goossen,4.0,0.0,7.0
Peter Ho-Sun Chan,31.0,0.00322445,7.1
Steven Quale,77.0,1.007731595,5.85
John Fortenberry,12.0,1.7838203529411765,6.2
Tommy Oliver,66.0,0.0,7.1
Pat O'Connor,7.0,0.629454125,6.7
Isaac Florentine,81.0,0.0,4.9
James Mather,4.0,0.7145785,6.1
Josh Trank,128.0,2.1054261166666666,5.233333333333333
Mary Lambert,52.0,2.672576556521739,5.6
Steve Miner,49.0,5.36444366182122,5.76
Robert Zemeckis,0.0,2.547733999009092,7.307692307692308
Nate Parker,664.0,0.0,5.4
Alfred Hitchcock,13000.0,4.956955041657011,7.350000000000001
Ariel Vromen,34.0,0.3234567007936508,6.6
Tay Garnett,10.0,0.0,7.5
Diane Keaton,0.0,0.6006318166666667,4.7
Rich Christiano,14.0,0.018518787878787878,5.6
Kevin Hooks,114.0,0.684,5.3
William Shatner,0.0,1.9859729856115107,5.4
Dan Trachtenberg,16.0,4.793147666666667,7.3
Tommy O'Haver,13.0,0.590071401948052,6.05
Mikel Rueda,0.0,0.0,7.2
Jim Jarmusch,0.0,0.0,7.5
Allan Dwan,23.0,0.0,7.2
Hart Bochner,157.0,0.54384675,6.5
Scott Waugh,76.0,0.6601288939393939,6.5
Bernardo Bertolucci,973.0,0.9561789130434782,7.949999999999999
Tim Hill,25.0,1.491281381111111,5.4399999999999995
Lori Petty,923.0,0.0,6.5
Sean Byrne,18.0,0.0,6.7
Laslo Benedek,6.0,0.0,6.8
McG,368.0,0.905974045002787,6.083333333333333
Alan Yuen,0.0,0.0,6.2
Olivier Megaton,118.0,1.9613115777777776,6.233333333333334
Jesse Vaughan,10.0,0.8699882692307692,4.5
Johnnie To,143.0,0.0014118,7.3
M. Night Shyamalan,0.0,3.330877572804911,6.044444444444445
Ayan Mukerji,0.0,0.0,6.9
Marielle Heller,22.0,0.738501,6.9
Etan Cohen,164.0,2.2588441,6.0
Deepa Mehta,375.0,0.0,7.8
Debra Granik,81.0,3.2657455,7.2
Malcolm Goodwin,117.0,0.0,5.5
Geoffrey Sax,13.0,2.801442325,5.3
Adam McKay,285.0,1.759356551669928,6.916666666666668
John Cromwell,19.0,0.0,7.8
Sajid Khan,0.0,0.0,5.3
Nicholas Stoller,89.0,2.5933940285714288,6.44
Bob Fosse,189.0,0.0,7.4
Tommy Lee Wallace,24.0,5.76,4.6
Peter Segal,88.0,1.5071733375354406,6.185714285714285
Danny Leiner,8.0,2.8097927820512822,6.3
Justin Chadwick,56.0,0.5019957857142857,6.9
Josh Gordon,8.0,1.6989575030198447,6.199999999999999
David Silverman,30.0,2.4417649333333333,7.4
Colin Higgins,19.0,1.9914285714285713,5.8
Bill Muir,19.0,0.0,4.8
Ronny Yu,31.0,1.1009112351190478,5.5
Bruce Malmuth,6.0,0.0,6.4
John Lee Hancock,102.0,3.0809061552202937,6.840000000000001
Michael Jai White,2000.0,0.0,5.8
Kevin Rodney Sullivan,8.0,2.4780208883597883,5.7
James Isaac,52.0,1.146430090909091,4.4
Chris Wedge,77.0,1.9247011657438795,6.866666666666667
Alice Wu,13.0,0.0,7.6
Anthony Vallone,2.0,0.0,7.8
Louis Leterrier,255.0,1.1676315146757368,6.542857142857142
Joe Berlinger,31.0,1.7614209333333333,4.0
Ruggero Deodato,101.0,0.2,4.8
Pete Travis,38.0,0.857489369047619,6.933333333333333
Sylvain White,41.0,2.6618527071428573,5.800000000000001
Rawson Marshall Thurber,43.0,4.504552745810811,6.75
Christopher M. Bessette,0.0,0.0,5.4
Dave Payne,0.0,0.0,4.9
Diane English,15.0,1.630105696969697,4.9
Sammo Kam-Bo Hung,472.0,0.0,6.2
Robert Cary,0.0,0.062924,6.5
George A. Romero,0.0,0.20709293518518518,6.78888888888889
Mel Smith,302.0,0.0226792,6.2
Ben Falcone,265.0,3.1997599956896554,5.1
Kriv Stenders,25.0,0.0,7.5
Michael Hoffman,97.0,0.8876822435897435,6.866666666666667
Travis Legge,138.0,0.0,3.25
Richard Loncraine,12.0,0.6503960358422939,6.533333333333334
Hank Braxtan,6.0,0.0,4.0
Peter M. Cohen,0.0,1.3808356666666666,4.4
Scott Smith,2.0,0.0,7.7
Stuart Beattie,72.0,0.2932156615384615,5.1
Meiert Avis,0.0,0.11624066666666667,4.2
Joe Marino,0.0,0.0,2.6
Tomm Moore,45.0,0.10559738461538462,7.7
Gary Rogers,0.0,0.549112,3.3
Kat Coiro,28.0,0.021705376344086022,5.7
Martin Scorsese,17000.0,0.8976376217370975,7.659999999999999
Howard Deutch,41.0,0.5938790016666666,5.966666666666666
Jonathan Mostow,84.0,0.9673329096012544,6.549999999999999
Lexi Alexander,189.0,0.22709025714285713,6.0
Ricky Gervais,0.0,0.9967071351351351,6.4
Albert Brooks,745.0,0.7742824,5.6
Peter Lord,91.0,1.468882019191919,6.85
Michael Gornick,10.0,4.0,6.0
Zackary Adler,0.0,0.0,5.0
Ernie Barbarash,249.0,0.0009656666666666666,5.449999999999999
Evan Goldberg,133.0,1.6548488948863636,6.65
Daniel Barnz,33.0,0.8192616470588235,6.0
Jeb Stuart,11.0,0.08759722972972973,6.550000000000001
Aaron Hann,0.0,0.0,6.0
Woody Allen,11000.0,1.2549395388322173,7.009090909090909
Pou-Soi Cheang,3.0,0.0,6.0
Pitof,26.0,0.4019871,3.3
Bradley Parker,18.0,18.112929,5.0
Mike Figgis,81.0,4.490022319444445,6.5
Simon Wells,25.0,0.42554450208333333,5.65
Chuck Sheetz,6.0,1.595511347826087,6.5
Udayan Prasad,4.0,0.020454193548387095,6.8
Dave Green,13.0,1.799169420797721,6.05
Mark Andrews,56.0,1.2826063891891892,7.2
Frank Darabont,0.0,1.3053876719444444,7.9750000000000005
Orson Welles,0.0,0.003446521739130435,7.7
Blake Edwards,688.0,0.1,6.65
Tom Holland,85.0,2.7393665947712416,6.1
Jon Gunn,16.0,27.80232012736056,6.033333333333334
Mike Gabriel,12.0,2.5745454545454547,6.6
Steve Buscemi,12000.0,0.42147276923076926,6.9
Bob Dolman,7.0,3.0306281,5.6
Daniel Columbie,0.0,0.0,4.3
Terence Davies,25.0,0.3041803,7.1
Hideo Nakata,62.0,0.0,5.4
Thaddeus O'Sullivan,5.0,0.02800957142857143,6.7
Seth MacFarlane,3000.0,2.2109763200980392,6.5
Bill Paxton,0.0,0.5956285454545455,7.4
Christopher Landon,52.0,6.490669,5.0
Jon Avnet,50.0,0.6943555944444445,6.0
Paul Verhoeven,719.0,0.9377409173103698,6.716666666666666
Craig Mazin,82.0,0.3760956285714286,5.25
Akiva Goldsman,167.0,0.0003741833333333333,6.2
Takashi Yamazaki,7.0,0.0,6.1
James Ponsoldt,53.0,2.7407876,7.1
Claude Chabrol,324.0,0.001928475,6.6
Bruce Campbell,0.0,0.11537733333333333,6.3
Igor Kovalyov,5.0,4.187153458333333,5.9
Charles Shyer,14.0,0.22326565,6.2
Morgan Neville,9.0,4.94625,7.4
Mike Newell,179.0,2.371446141924362,6.8428571428571425
Noah Baumbach,387.0,1.888491088888889,7.033333333333334
Ang Lee,0.0,2.470446323725985,7.250000000000001
Catherine Jelski,0.0,0.0,4.2
Lena Dunham,969.0,5.996984615384616,6.3
Eric Nicholas,0.0,0.010018,6.1
Hue Rhodes,0.0,0.026491842105263157,5.8
Neal Brennan,23.0,0.0,5.8
Benny Boom,23.0,3.3390136666666668,5.9
Scott Cooper,108.0,2.4442638440741646,7.033333333333334
Sean Anders,51.0,1.317855719423559,6.125
Ken Kwapis,42.0,1.4158059948214285,6.199999999999999
Rick Rosenthal,28.0,2.0173101333333334,4.1
Wayne Wang,61.0,1.1850893595721188,6.0200000000000005
Gillian Armstrong,44.0,1.7139231979166665,7.0
Susan Stroman,38.0,0.43061615555555555,6.4
Jon Favreau,4000.0,2.103650672366443,7.128571428571427
Bill Benenson,0.0,0.0,7.4
Kinka Usher,18.0,0.45623984615384616,6.0
Corbin Bernsen,1000.0,0.0,5.7
Tran Anh Hung,157.0,0.0,5.5
Kate Barker-Froyland,4.0,0.0033666666666666667,5.8
Niki Caro,51.0,2.2005137930905696,7.433333333333333
Patrick Tatopoulos,148.0,1.3086375714285714,6.6
Émile Gaudreault,9.0,1.2479116,6.7
Fred Zinnemann,160.0,0.0,7.76
John Schultz,13.0,1.5016152101851852,5.3999999999999995
Fatih Akin,766.0,0.06859625,7.3
Richard Raymond,10.0,0.03591325,6.0
Guy Ritchie,0.0,2.3291151264305556,7.262499999999999
Frank LaLoggia,7.0,0.3627955319148936,6.7
Jay Levey,3.0,1.2314314,7.0
James O'Brien,7.0,0.0,4.0
Rob McKittrick,6.0,5.367036333333333,6.8
Emma-Kate Croghan,0.0,0.84914,6.4
Sam Taylor-Johnson,456.0,2.0768485625,5.65
Daniel Taplitz,2.0,0.0,5.5
George Gallo,269.0,0.37108620833333333,5.949999999999999
Max Joseph,31.0,1.795005,6.1
Paul Bolger,0.0,0.33020938297872343,4.5
Brad Copeland,8.0,0.0,6.6
Roger Kumble,16.0,1.5697239153931342,5.266666666666667
Andrew Fleming,26.0,0.9901319471153845,6.15
Tara Subkoff,37.0,0.0,3.3
Joe Chappelle,13.0,3.0253896,4.9
Gerry Lively,93.0,0.0,4.9
Kerry Conran,14.0,0.5394297142857143,6.1
Vadim Perelman,26.0,0.45248110416666665,7.0
Michael Rymer,48.0,1.4331929857142858,5.65
Charles Robert Carner,18.0,0.5508853333333333,3.1
Dean Parisot,23.0,1.0050664768253967,6.275
Benedikt Erlingsson,4.0,0.0011835,6.9
Denzel Washington,18000.0,1.8506639333333332,7.449999999999999
Vipul Amrutlal Shah,11.0,0.0,7.3
Michael Crichton,735.0,0.0,7.0
Richard E. Grant,554.0,0.03330042857142857,6.9
James McTeigue,160.0,0.7184344491987179,6.65
Akira Kurosawa,0.0,0.06931802310924369,8.1
Rob Hawk,97.0,0.0,5.0
Oliver Hirschbiegel,101.0,0.2979725180555555,7.1000000000000005
Ralph Ziman,5.0,0.002479,7.8
Nicholas Jarecki,27.0,0.6598569166666667,6.6
Joan Chen,643.0,0.943823275,5.5
Fred Durst,258.0,0.5003662173913044,5.1
Dean Israelite,16.0,1.860919,6.4
Ryan Coogler,0.0,10.510572484126985,7.6
Brad Peyton,62.0,1.0791591668449199,5.3999999999999995
Beeban Kidron,17.0,1.0050755,5.9
Amal Al-Agroobi,58.0,0.0,8.2
Gary Ross,378.0,2.3398547114765695,7.1000000000000005
Joseph Mazzella,0.0,0.0,4.8
Max Mayer,6.0,0.0,7.2
Tom Kalin,4.0,0.09443847826086957,5.9
Adam Rapp,9.0,0.028922285714285713,6.4
Andy Tennant,72.0,1.9357771101208148,6.25
Andrea Di Stefano,30.0,0.006286411764705882,6.6
Teddy Chan,3.0,0.0025823,6.7
K. King,3.0,0.0,3.5
John Gray,29.0,0.4533536222222222,5.3
David Hewlett,686.0,0.0,7.0
Dave Meyers,11.0,3.013454,4.3
Jean-Paul Rappeneau,22.0,0.0588432,7.0
Jon Poll,20.0,0.32919116666666665,7.0
Alex Kendrick,589.0,46.477674625,6.775
Angela Robinson,23.0,0.6738476114285714,5.0
Robert Kenner,11.0,0.0,7.9
Mabel Cheung,3.0,0.0,6.2
Michel Orion Scott,0.0,0.9749,7.4
George Ratliff,3.0,0.0030494444444444445,5.3
Rafa Lara,21.0,0.0169379,6.2
Ira Sachs,60.0,0.06279158333333333,6.15
Timothy Björklund,0.0,0.649135,5.8
Anna Muylaert,9.0,0.09393075,7.9
Kevin Greutert,52.0,2.3994719659090906,5.8
Niall Johnson,7.0,0.0,5.6
Damien O'Donnell,70.0,2.1950773684210527,6.9
Mike McCoy,16.0,5.834256083333333,6.5
C. Jay Cox,6.0,0.5142540588235295,6.45
Bo Zenga,10.0,0.0,3.6
Tuck Tucker,14.0,4.561649666666667,5.9
Mira Nair,300.0,0.8621379653679654,6.68
Joe Nussbaum,18.0,0.9265092669191919,5.666666666666667
James Wan,0.0,15.773699037781954,7.2
Harry Gantz,0.0,0.0,4.7
Jem Cohen,6.0,0.0,6.0
Spike Jonze,0.0,1.2031422033550432,7.575
Tony Jaa,0.0,0.00034018333333333335,6.2
Brian Henson,53.0,2.2734589166666668,7.7
Babar Ahmed,0.0,0.0,3.2
Frank Sebastiano,3.0,0.16964285714285715,6.0
Corey Yuen,23.0,0.022872095238095237,4.8
Josef Rusnak,9.0,0.96875,7.0
Hyung-rae Shim,26.0,0.16262384179104478,3.6
Harry Elfont,4.0,1.5908838045454545,5.9
Eric Eason,3.0,0.0,7.0
John Duigan,18.0,0.0007425238095238096,5.8
Andrew Berends,0.0,0.0,6.6
Danny DeVito,0.0,0.3622793982683983,6.266666666666666
Tim Robbins,0.0,1.8191756676136364,7.25
Dexter Fletcher,452.0,0.6863318260869565,7.5
Pierre Morel,180.0,1.6536056135576924,6.8500000000000005
Whit Stillman,89.0,6.5293511111111115,6.6
Neil Burger,168.0,1.3656064911764705,7.1
Brad Bird,663.0,1.2968731238428606,7.58
Johanna Schwartz,0.0,0.0,7.7
Ferzan Ozpetek,798.0,0.0,7.3
Marcio Garcia,74.0,0.0,5.5
Kris Isacsson,0.0,2.2261455555555556,4.9
David Hackl,43.0,2.6263876388888887,5.55
Jerome Elston Scott,3.0,0.0,7.2
Kevin Brodie,0.0,0.3068874285714286,6.3
Patricia Riggen,36.0,1.7381498461538463,7.033333333333334
Ron Underwood,31.0,0.7072779692929293,5.5
Vic Sarin,24.0,0.0,7.1
Fede Alvarez,201.0,3.1905797647058822,6.5
Gonzalo López-Gallego,17.0,3.536734,5.2
Jim Fall,13.0,2.510154705882353,5.3
Carl Rinsch,47.0,0.21884174285714286,6.3
Jon Shear,0.0,4.5649733333333335,7.0
Philip Zlotorynski,0.0,0.0,3.3
Dan Rush,7.0,0.542242,6.4
Patrice Leconte,83.0,0.0305838,7.3
Mark Rydell,43.0,3.4352941176470586,6.9
Rakeysh Omprakash Mehra,85.0,0.0,8.4
D. Stevens,6.0,0.0,3.9
Vincent Gallo,787.0,0.8069303666666666,6.25
Chad Kapper,0.0,0.0,3.4
Floyd Mutrux,11.0,0.011920857142857143,6.4
Stephen Gaghan,79.0,0.8204620666666668,6.3
George P. Cosmatos,170.0,1.9088712707070705,6.366666666666667
Lance Kawas,66.0,0.0,6.2
David Atkins,8.0,0.3375396666666667,5.8
Antoine Fuqua,845.25,1.2901041474157298,6.937500000000001
Ron Clements,63.0,3.009612202380952,7.3999999999999995
Mor Loushy,0.0,0.07589111111111112,7.2
Cary Bell,0.0,0.0,8.7
Paul McGuigan,118.0,0.4220971839947091,6.799999999999999
Bob Saget,799.0,0.38368015384615384,5.300000000000001
Daniel Stamm,13.0,22.772252777777776,5.6
Florian Henckel von Donnersmarck,207.0,2.331650546666667,6.833333333333333
Éric Tessier,0.0,0.0,6.6
David S. Goyer,687.0,2.0452947673076927,5.166666666666667
Niels Arden Oplev,76.0,0.18134876666666666,7.3
Guy Hamilton,82.0,4.9648656898656895,6.949999999999999
Theodore Witcher,28.0,1.2514138,7.4
Ashish R. Mohan,2.0,0.0,4.3
Michael D. Sellers,0.0,0.0287616,5.7
Kay Pollak,10.0,0.0003964,7.6
Yash Chopra,147.0,0.4198141565538208,7.4
James Ivory,133.0,1.4956992877306443,7.057142857142857
Christopher Spencer,25.0,2.7134625454545453,5.6
Timur Bekmambetov,335.0,0.4486871317460317,6.216666666666668
Adam Brooks,20.0,0.0,7.2
Andrew Bujalski,26.0,0.0,6.65
Gary Winick,56.0,4.890604976576577,6.14
Takashi Shimizu,70.0,6.487389525,5.45
Tim Heidecker,78.0,0.06693433333333333,5.3
Michael Bay,0.0,1.5251462771778803,6.63846153846154
James David Pasternak,0.0,0.006521666666666667,6.2
James Dodson,8.0,0.008250285714285713,6.2
William H. Macy,0.0,0.007488,7.5
Eric Leighton,0.0,1.0803769647058823,6.5
Patty Jenkins,260.0,7.659605333333333,7.3
André Øvredal,12.0,0.01269608040201005,7.0
Fernando Baez Mella,0.0,0.0,6.9
William Dear,50.0,0.0435778,5.6
Tim Blake Nelson,596.0,3.2034806,6.2
Hideaki Anno,28.0,0.0,8.2
Alex Garland,232.0,1.6960647333333334,7.7
Sarah Smith,6.0,0.46440491,7.1
William Cottrell,0.0,92.4627425,7.7
Michael Clancy,0.0,0.010850307692307692,6.7
Randall Rubin,0.0,0.0,6.2
David Cronenberg,0.0,0.33510924128648234,7.114285714285714
James Manera,0.0,0.166042,4.4
Joshua Oppenheimer,50.0,0.484221,8.2
Shane Carruth,291.0,60.68,7.0
Daniel Algrant,3.0,0.005544181818181818,5.5
Oliver Stone,0.0,2.8763255427067214,6.95
U. Roberto Romano,6.0,0.004008928571428571,7.2
Robert Luketic,126.0,2.1087152768274855,6.0
Erik Canuel,31.0,0.0,7.0
Mark Piznarski,4.0,0.6996098,5.1
Don Kempf,0.0,0.0,7.5
Simon West,165.0,1.0521112454725128,6.025
Harmony Korine,520.0,2.8247546,5.3
Stéphane Aubier,2.0,0.007441875,7.9
David M. Matthews,8.0,0.0,3.5
Shane Acker,30.0,1.0581110666666667,7.1
Rajkumar Hirani,124.0,0.0,8.2
Scott Alexander,25.0,0.698268,5.7
Daniel Schechter,8.0,0.0,6.3
Ivan Kavanagh,18.0,0.0,6.7
John Carpenter,0.0,40.28914916858974,6.915384615384615
Michael Dougherty,66.0,2.839502,6.2
Mort Nathan,2.0,0.4293188,4.9
Karim Aïnouz,19.0,0.0050655,6.1
George Jackson,0.0,3.856247,5.1
Deborah Anderson,4.0,0.0,5.3
Anthony Mann,75.0,0.0,6.7
Je-kyu Kang,16.0,0.08673328125,8.1
Andy Fickman,99.0,2.2632354482556334,5.766666666666667
Dinesh D'Souza,67.0,13.3399796,5.1
Francesca Gregorini,15.0,0.0016683333333333333,5.9
Sidney J. Furie,22.0,0.9224129411764705,3.6
David Gordon Green,234.0,1.2483497182427685,6.574999999999999
Trent Cooper,0.0,3.91391625,3.1
Jerry Jameson,5.0,0.7366392222222222,5.0
Christophe Gans,50.0,0.93965264,6.6
Andrés Couturier,0.0,0.0,4.4
E.L. Katz,3.0,0.296895,6.8
Shyam Madiraju,0.0,0.0,4.8
Terrence Malick,0.0,0.3847978409054487,7.25
Mabrouk El Mechri,19.0,0.18745305,4.9
Larry Blamire,56.0,2.7634,7.0
Wallace Wolodarsky,32.0,0.8498971666666667,5.4
John 'Bud' Cardos,8.0,34.0,5.9
Marcus Raboy,7.0,0.824592825,5.5
Christopher Leitch,4.0,2.6295676666666665,3.2
Craig R. Baxley,22.0,1.7200554537815125,5.550000000000001
Tim Johnson,12.0,1.469678076388889,6.725
Damien Dante Wayans,82.0,1.02463168,3.5
Martin Ritt,58.0,0.0,7.4
Thomas Bezucha,15.0,0.7577696044117648,6.05
Romesh Sharma,0.0,0.0018474142857142857,5.1
Fenton Bailey,13.0,0.19307175,6.55
Alejandro Agresti,18.0,1.308024475,6.8
Karey Kirkpatrick,11.0,0.29252018181818185,5.6
Dewey Nicks,4.0,0.43765854545454547,5.3
Guy Maddin,126.0,0.024786875,7.0
Tommy Lee Jones,0.0,0.24334509375,7.05
Maggie Greenwald,9.0,1.6949633333333334,7.3
Ed Decter,13.0,2.228629769230769,5.9
Jonathan Caouette,20.0,2715.6605504587155,7.2
David Moreau,0.0,2.616458166666667,5.4
David Soren,13.0,0.6149992592592592,6.5
Don Bluth,383.0,1.772248,7.0
Morten Tyldum,77.0,3.2740859542668552,7.85
Richard Curtis,628.0,0.8645902129629629,7.633333333333334
Hayley Cloake,0.0,0.0,4.3
Eric Styles,4.0,0.00384,6.4
Frank Perry,24.0,0.0,6.7
Mike Hodges,24.0,0.0,6.4
Leos Carax,227.0,0.0,7.1
Youssef Delara,8.0,3.3177786885245903,5.45
Jerry Rees,115.0,0.0,7.3
Ron Fricke,330.0,0.65046175,8.5
Kenneth Branagh,0.0,1.1913711884925275,7.166666666666667
John Badham,139.0,6.6306666666666665,7.1
Tom Vaughan,12.0,1.3380177705069125,6.3
Burr Steers,23.0,1.2062157279220778,6.425
Emily Young,6.0,0.0,6.5
William Arntz,0.0,0.0,5.4
Dena Seidel,0.0,0.03276,7.0
Simon Napier-Bell,0.0,0.0,7.4
Luke Dye,0.0,0.0,5.2
John Polson,21.0,2.531858674509804,5.45
Richard Brooks,174.0,0.0,7.8
Joss Whedon,0.0,2.03388561775,7.925
Darin Scott,39.0,0.0,4.8
Pawel Pawlikowski,84.0,0.29183470588235294,7.1
Jirí Menzel,44.0,0.0073087981053878035,7.4
John Guillermin,71.0,0.0,4.8
Rebecca Miller,58.0,0.47486266666666666,6.7
Lee Unkrich,125.0,2.074922485,8.3
John Huston,1000.0,0.0,7.4
David G. Evans,0.0,12.141205,6.4
Doug Liman,218.0,4.376736101110638,7.128571428571427
Stephen Frears,350.0,1.529275795272821,7.127272727272728
Jean-Jacques Annaud,218.0,0.4037196683201658,7.275
Goran Dukic,21.0,0.104077,7.4
Edward Hall,0.0,0.0,7.2
Ken Del Conte,2.0,0.0,4.3
Ari Sandel,17.0,4.0021004705882355,6.5
Marc Schölermann,3.0,0.01358275,6.0
Sherman Alexie,18.0,0.87341,6.9
Michael Tollin,19.0,1.0364372584033612,5.9
Byron Howard,59.0,0.7603571933333333,6.9
Mike Nichols,0.0,0.6335572742151675,6.683333333333334
Florent-Emilio Siri,17.0,0.6660854423076923,6.6
Paul Hunter,13.0,0.4427016923076923,5.5
Ringo Lam,17.0,0.56381212,5.4
John McNaughton,39.0,1.4876972,6.5
Gavin Wiesen,19.0,0.0,6.6
Frank Nissen,0.0,0.9040813,6.4
Joel Coen,0.0,0.8983618942307692,7.3999999999999995
Adam Marcus,18.0,6.3740272,4.3
John A. Davis,8.0,1.6300140566666665,5.95
Nick Love,63.0,0.004390833333333333,5.5
Eugène Lourié,7.0,23.80952380952381,6.7
Russell Friedenberg,9.0,0.0,3.6
Ryûhei Kitamura,129.0,0.0049032,6.1
Anton Corbijn,210.0,1.040881575925926,6.933333333333334
Michael Lembeck,54.0,1.36157245,5.9
Dominic Sena,57.0,0.764974822685185,6.166666666666667
Dan Gilroy,66.0,3.797641764705882,7.9
Charles T. Kanganis,18.0,0.5892,4.3
David Duchovny,0.0,0.06184683333333333,7.0
Jonathan Lynn,36.0,1.9979539104020978,6.699999999999999
Chris Marker,121.0,0.0,7.4
Kirsten Sheridan,59.0,1.0551697,7.5
Louis Morneau,38.0,1.5615044615384615,3.6
Enrique Begne,0.0,1.0350896666666667,5.0
Conor McMahon,5.0,0.0,5.7
Thorbjørn Christoffersen,0.0,0.0,5.7
Gary Chapman,2.0,0.5556422285714285,5.6
Rick Friedberg,8.0,1.4947799444444445,5.3
Alessandro Carloni,5.0,0.9898169862068965,7.2
Jafar Panahi,397.0,67.378,7.5
Mike Marvin,28.0,1.2962962962962963,5.9
Jay Roach,116.0,2.56489381152774,6.487500000000001
Daniel Espinosa,79.0,0.5027454294117647,6.633333333333333
David F. Sandberg,26.0,11.537962448979592,6.9
Kevin Donovan,11.0,0.8364863166666666,5.3
David Gelb,26.0,7.817891818181818,5.2
Michael Patrick King,127.0,0.95328937,4.3
Marilyn Agrelo,2.0,0.0,7.5
Sut Jhally,3.0,0.0,8.3
Tim Hunter,28.0,2.4210526315789473,7.1
Jessie Nelson,24.0,1.6883204077540106,6.65
Richard Fleischer,130.0,0.40933333333333327,6.540000000000001
Ralph Nelson,17.0,0.0,7.1
Garry Marshall,0.0,3.126687353380977,5.949999999999999
Atom Egoyan,460.0,0.6236403678787878,6.883333333333334
Michael Tiddes,89.0,7.56010985,4.433333333333333
Christian Carion,13.0,0.0477475,7.8
Cédric Klapisch,82.0,3.121635471698113,7.1
Phil Claydon,6.0,0.0,5.2
Brandon Landers,8.0,0.0,3.0
Robert Sarkies,0.0,0.0,7.3
Beto Gómez,5.0,0.0,6.0
Luc Jacquet,10.0,9.676627125,7.6
Derick Martini,20000.0,0.0,4.5
Lance Hool,0.0,0.020203612334801762,6.2
Dror Moreh,4.0,0.0,7.6
Rodrigo García,127.0,0.30346435654145076,6.95
Steven Shainberg,30.0,0.5124169464285715,6.8
Janusz Kaminski,710.0,0.5992727142857143,4.8
Ash Baron-Cohen,3.0,0.0,6.4
Martin Campbell,258.0,0.9195827475741021,6.711111111111112
Scott Walker,17.0,0.0,6.4
Aleksandr Veledinskiy,0.0,0.0,7.5
Florence Ayisi,0.0,0.0,7.5
Joseph Sargent,114.0,0.9027396956521739,2.8
Garth Jennings,37.0,1.02038224,6.8
Gil Junger,19.0,1.527231435,6.0
Danny Pang,15.0,0.190996,5.550000000000001
Deb Hagan,0.0,0.7221413846153846,4.6
Jaime Zevallos,228.0,0.0,7.6
Roland Joffé,596.0,0.05941938888888888,5.0
David Raynr,9.0,2.325680088888889,5.366666666666667
Frédéric Forestier,0.0,0.0,5.1
Leigh Whannell,482.0,5.2200504,6.1
Clint Eastwood,16000.0,2.18449542125582,7.225
Rian Johnson,0.0,1.1957959249999999,7.15
Zoran Lisinac,0.0,0.0,7.1
Des McAnuff,5.0,0.3421132894736842,4.1
Cyrus Nowrasteh,19.0,0.34932843243243245,5.4
Jennifer Flackett,3.0,1.297473054054054,6.0
Joon-ho Bong,584.0,0.05829200783286791,7.0
Lionel C. Martin,3.0,0.0,5.3
Kevin Munroe,14.0,0.8256514382352941,5.699999999999999
Roger Donaldson,79.0,0.9204381374302135,6.7714285714285705
Luc Besson,0.0,0.8118152883231385,6.6
Maryam Keshavarz,32.0,0.0,5.9
Christian Sesma,9.0,0.0,3.9
Peter H. Hunt,0.0,0.0,7.6
Marc Bennett,3.0,0.0,6.7
Andrey Konchalovskiy,96.0,0.5775006232323232,5.35
Lewis Gilbert,43.0,3.2412722983930418,6.766666666666666
Ed Harris,0.0,0.7164095,6.9
Charles Binamé,2.0,0.0,7.7
Tim Fywell,3.0,0.0,6.0
Charles Matthau,139.0,0.0,6.5
Roland Suso Richter,3.0,0.0,6.1
Vondie Curtis-Hall,170.0,0.19424418181818182,2.1
Norman Ferguson,3.0,32.42307692307692,7.5
Brenton Spencer,0.0,0.0,3.8
Tanner Beard,531.0,0.0,4.4
Luca Guadagnino,64.0,0.5004648,7.0
Mark Brown,7.0,1.8837790833333332,5.199999999999999
Joshua Seftel,0.0,0.0578527,5.7
Wally Pfister,0.0,0.23014504,6.3
Richard Williams,18.0,0.023902714285714284,7.2
Troy Nixey,24.0,0.9616996,5.6
Mathieu Kassovitz,326.0,0.90579155,5.699999999999999
Matthew Diamond,12.0,0.05321385,6.7
Pan Nalin,95.0,0.028153333333333332,7.3
Tony Goldwyn,956.0,0.7636617437888199,6.35
Walter Murch,181.0,0.0,6.7
Ryan Little,38.0,1.6798333333333333,6.8
Audrey Wells,22.0,2.422306,6.7
Mervyn LeRoy,54.0,0.0,7.2
Amy Heckerling,143.0,1.3731710541666666,6.1
Alejandro Monteverde,38.0,1.3890302477272727,7.4
Joey Lauren Adams,781.0,0.019593333333333334,6.2
Kelly Reichardt,129.0,1.711961111111111,6.766666666666666
Les Mayfield,10.0,0.649597342027972,5.5
Troy Miller,14.0,1.3735044210526315,3.4
Ellory Elkayem,11.0,0.5755501666666667,5.4
Roland Emmerich,776.0,1.088305414435606,6.1875
Michael Dinner,12.0,0.5660544782608695,5.6
Chad Hartigan,3.0,0.0,6.6
Mark Waters,70.0,2.1512012104499285,6.3
Roger Avary,675.0,0.95537125,6.6
W.D. Hogan,4.0,0.0,3.4
Jeff Tremaine,79.0,6.378345570833334,6.85
J.A. Bayona,171.0,1.2638907908496733,7.55
Walter Hill,394.0,0.25277908111888114,5.925000000000001
Jane Clark,23.0,0.0,5.2
Jeremy Leven,19.0,0.888,6.8
Mark Steven Johnson,160.0,0.8305868363636364,6.050000000000001
Lluís Quílez,0.0,0.0,4.7
Gareth Evans,338.0,3.73193,7.6
Julio DePietro,0.0,0.012562875,5.9
Mike Bruce,6.0,8.1256,4.1
Jonathan Meyers,0.0,0.0,5.3
Clare Kilner,6.0,1.4937345208333332,5.9
Christopher Erskin,4.0,2.598293,4.3
Peter Hewitt,12.0,1.2896424240763547,5.3
Andrew Stanton,475.0,1.8573003995136048,7.733333333333333
Reinhard Klooss,7.0,0.0,4.9
Khyentse Norbu,28.0,0.28071944444444447,7.5
Michael Anderson,23.0,2.7777777777777777,6.8
Benjamin Dickinson,4.0,0.06248,5.5
Chris Atkins,2.0,0.0,7.4
Charles Adelman,0.0,0.0,4.8
Thomas L. Phillips,120.0,0.0,5.4
Rupert Sanders,274.0,0.9124224411764705,6.1
Jessica Bendinger,31.0,0.0,6.4
Blair Hayes,2.0,0.3847930769230769,5.6
Lone Scherfig,92.0,1.856057688888889,7.15
Robert Bennett,15.0,0.0,2.8
David Leland,2.0,0.0,5.55
Paul King,17.0,1.3843182727272727,7.2
David Carson,18.0,2.161967657142857,6.6
Penny Marshall,545.0,2.5755946934027776,6.750000000000001
Duncan Tucker,2.0,9.013113,7.4
Roger Allers,28.0,5.193500804575163,7.35
Richard Ayoade,0.0,0.0,7.3
Chris Carter,251.0,0.6993877666666667,5.9
Robert B. Weide,53.0,0.10279974074074075,6.5
Josh Schwartz,90.0,0.6716007142857143,5.4
Will Gluck,87.0,3.405419707692308,6.3
Brian Percival,33.0,1.1306923157894737,7.6
Michael Moore,909.0,11.633006606481482,7.283333333333332
Michael Schultz,78.0,1.0999999999999999,6.8
Jason Connery,110.0,0.0,3.8
Lloyd Kaufman,365.0,0.046,6.2
David Hunt,0.0,0.0,6.3
Don Siegel,152.0,4.5625,7.6
Antony Hoffman,14.0,0.24961778571428572,5.7
Anthony Silverston,0.0,0.0,5.8
Steven Soderbergh,0.0,3.4237502339684256,6.70625
Shane Dawson,247.0,0.05948,5.1
Matt Cimber,32.0,0.0,4.5
Maggie Carey,38.0,2.298226,5.8
Stanley Kramer,176.0,2.4627659574468086,7.95
Christopher Smith,76.0,0.0136432,6.75
Greg Mottola,99.0,2.3358153083333333,7.133333333333333
Wil Shriner,6.0,0.5386744,5.6
Jeannot Szwarc,82.0,2.5730594,6.5
Bill Duke,1000.0,1.32159275,6.1
Charles Martin Smith,188.0,3.7768949987487495,6.133333333333333
Antonio Banderas,0.0,0.13028013333333333,6.3
Sharon Greytak,0.0,0.0,8.1
Philip Kaufman,133.0,0.6596620740740741,7.65
Nat Faxon,214.0,4.3002196,7.4
Tim Story,167.0,4.208735429273505,6.05
Damon Santostefano,4.0,0.52720715,6.1
James Bridges,21.0,0.64472308,5.6
Nicolas Winding Refn,0.0,0.6723282794642857,6.9
Tom Hooper,0.0,3.912306855737705,7.733333333333333
Howard Hughes,177.0,0.0,7.8
Gregory Nava,16.0,1.7711414,6.7
Thea Sharrock,17.0,2.8077047,7.6
Tom Sanchez,0.0,0.003191666666666667,7.2
Matthew Vaughn,905.0,0.9122372392113095,7.65
Brian A Miller,32.0,0.0,4.6
Jerry Zaks,4.0,0.5557612173913044,6.7
Harry F. Millarde,0.0,30.0,4.8
Mel Gibson,0.0,0.7793797749999999,7.766666666666666
Doug Walker,131.0,0.0,7.1
Chris Butler,28.0,0.9332426166666666,7.0
Drew Barrymore,0.0,0.8689611333333334,6.9
William A. Graham,8.0,0.25525945454545457,5.1
Shana Feste,19.0,0.8456422166666666,6.433333333333334
Jon M. Chu,209.0,2.2422881492010402,5.34
Kevin Jordan,4.0,6.930825,7.6
Stephan Elliott,11.0,0.5486334666666667,5.800000000000001
Wes Ball,47.0,2.1756528264223722,6.6
J. Lee Thompson,88.0,0.0,5.8
DJ Pooh,69.0,2.080581583333333,4.3
Jason Zada,4.0,2.6583369,4.8
Ben Stiller,0.0,1.0633501224106134,6.340000000000001
Rich Moore,66.0,1.1479556181818182,7.8
John H. Lee,32.0,0.0025088748019017433,6.8
Robert Wise,338.0,7.418536596980256,7.2
Barry Sonnenfeld,188.0,1.5936371830299125,6.457142857142856
Mitchell Lichtenstein,53.0,0.0,5.4
Andrzej Bartkowiak,43.0,1.1827425934545452,5.26
Paul Weiland,10.0,1.15031835,5.8
Michael Caton-Jones,105.0,0.6253086029761905,5.9
Travis Romero,4.0,0.0,3.9
S.R. Bindler,0.0,0.006082833333333333,4.7
Bruce Dellis,0.0,0.008226666666666667,4.8
Terence Young,92.0,8.518265530303031,6.125
Jerry Dugan,3.0,0.0,3.4
Avi Nesher,6.0,0.0,5.5
Nicholas Hytner,13.0,1.4159793592592596,6.533333333333334
Andrew Davis,99.0,2.1068608956283423,6.5
Christopher Morris,69.0,0.0,7.3
Damir Catic,2.0,0.0,5.4
Rachel Talalay,54.0,2.1325980129411763,5.050000000000001
Gabor Csupo,47.0,4.837302294117647,7.2
Mark Osborne,54.0,0.8366883983137553,7.699999999999999
Scott Hicks,96.0,2.329539994000745,6.840000000000001
Lucky McKee,75.0,0.29108,6.7
Katherine Dieckmann,8.0,0.01858,4.7
Marc Lawrence,30.0,0.6883771444444444,5.766666666666667
Taedong Park,0.0,0.0,4.8
Piyush Dinker Pandya,0.0,3.61134,6.7
Mel Stuart,21.0,0.0,7.8
Peter Care,0.0,0.14827366666666666,7.1
Russell Crowe,0.0,0.1862457777777778,7.1
Chao-Bin Su,2.0,0.0,6.9
Patrick Stettner,5.0,0.9782275,6.15
Robert C. Cooper,49.0,0.0,7.4
John Milius,468.0,1.0433840857142858,6.475
Lynn Shelton,100.0,12.589696,6.7
Bobby Roth,40.0,0.0,5.0
David Boyd,29.0,2.3832958333333334,6.0
Carl Theodor Dreyer,147.0,0.0,8.1
Michael Wadleigh,14.0,22.166666666666668,8.1
Steve Antin,59.0,0.7171028181818182,6.4
Richard Benjamin,121.0,0.3926110666666667,4.733333333333333
Judd Apatow,0.0,2.9845336623443224,6.6
Michael Chapman,70.0,0.1302488,5.3
Jerry Belson,3.0,0.0,6.2
Aleksey German,23.0,0.0,6.7
Bibo Bergeron,10.0,0.8927528264327487,6.566666666666666
Andrew Dominik,181.0,0.5630353666666666,6.85
Tom Reeve,0.0,0.0,5.7
Vidhu Vinod Chopra,34.0,0.0,5.7
Pascal Arnold,0.0,0.013167857142857143,5.8
Jaume Collet-Serra,174.0,1.4698534407352941,6.474999999999999
Jody Hill,62.0,1.3329780555555555,5.8
Patricia Cardoso,15.0,0.9741548333333333,6.65
Rob Marshall,252.0,1.6467650395294118,6.6
Don Scardino,35.0,0.7508640333333333,5.9
Kundan Shah,4.0,0.0,2.8
Victor Salva,108.0,1.973273974509804,6.333333333333333
Terron R. Parsons,9.0,0.0,3.4
Jamaa Fanaka,9.0,0.0,5.8
Wayne Beach,7.0,0.07620625806451613,5.9
Joshua Logan,32.0,0.0,6.7
Clark Gregg,0.0,0.9755216666666666,6.5
Siddiq Barmak,6.0,24.507195652173912,7.4
Jonas Elmer,3.0,2.0874605,5.6
Jon Cassar,78.0,0.0,6.3
Vera Farmiga,0.0,0.0,6.3
Peyton Reed,235.0,2.9748109575549453,6.475
Peter Medak,34.0,0.2848334782608696,6.6
Hsiao-Hsien Hou,141.0,0.04090373333333333,6.4
Natalie Bible',8.0,0.0,3.2
Robert Lee King,0.0,0.176738,6.3
Martin Weisz,7.0,1.3867562666666666,5.1
James Bobin,33.0,1.148360586013072,6.633333333333333
Ole Christian Madsen,28.0,0.0032246444444444444,7.3
Shane Black,1000.0,1.1636752466666667,7.4
Mona Fastvold,2.0,0.0,4.9
Tate Taylor,150.0,3.9026774066666667,7.5
Sam Levinson,8.0,0.0,6.0
Jeffrey St. Jules,0.0,0.0,5.4
David Winning,65.0,0.0,2.8
Justin Zackham,16.0,0.6224123428571429,5.6
Henry King,85.0,0.0,7.0
Luis Mandoki,43.0,0.796366366507177,5.85
Christophe Barratier,25.0,0.659956,7.9
Lance Mungia,4.0,0.062247,6.7
Ron Howard,2000.0,1.8600604372224177,6.93076923076923
Ian Sharp,9.0,0.0,6.5
Cristian Mungiu,163.0,2.009801694915254,7.9
Asghar Farhadi,0.0,14.196984,8.4
Nancy Meyers,278.0,1.6778681544537815,6.760000000000001
Philip G. Atwell,5.0,0.89867976,6.3
Eric Schaeffer,71.0,0.590936,6.0
Jonathan Kesselman,4.0,0.019539,6.2
Laurent Tirard,2.0,0.01982115625,7.25
Sarah Gavron,34.0,0.0,6.7
Carter Smith,27.0,2.17849075,5.9
Ham Tran,5.0,0.40135113065326633,7.4
Sam Mendes,0.0,1.9918538077083334,7.499999999999999
Ben Lewin,20.0,5.997134,7.2
Liliana Cavani,59.0,0.0,6.7
Greg Tiernan,5.0,0.0,7.5
Steven R. Monroe,68.0,0.0462005,6.3
Bille August,55.0,0.03174277142857143,6.75
Michael Mayer,15.0,0.7791121205128204,6.5
Rachel Perkins,3.0,0.016927538461538463,6.3
Franklin J. Schaffner,76.0,0.019047619047619046,6.733333333333333
Marcus Dunstan,87.0,0.6842058,6.1
Robert Lorenz,39.0,0.0,6.8
Jennifer Finnigan,246.0,0.0,4.5
Becky Smith,32.0,0.0,6.3
Étienne Faure,77.0,0.0,4.3
Chris Paine,2.0,1.677838,7.7
Patrick Creadon,3.0,0.0,7.4
Vincenzo Natali,165.0,0.4985345571654373,6.55
Gabe Ibáñez,19.0,0.0,6.1
Eric Bugbee,0.0,0.0,7.1
Dennie Gordon,29.0,0.9492955746468927,5.4
R. Balki,12.0,0.0013281866666666666,7.2
Denis Villeneuve,777.0,1.2987306757033248,7.966666666666666
Peter Stebbings,89.0,0.010744571428571428,6.8
Scott Marshall,7.0,0.00027805,4.65
Miguel Arteta,44.0,2.049121242380952,6.42
Nathan Smith Jones,7.0,0.0,5.7
Allison Burnett,12.0,0.0,6.0
William Friedkin,607.0,3.795678739480519,7.014285714285714
Jon Lucas,24.0,2.507063182051282,6.433333333333334
Randy Moore,13.0,0.0,5.2
David Pastor,10.0,0.0,6.0
Stephen Hopkins,81.0,0.9733360707792208,6.0
Rakesh Roshan,53.0,0.0,6.3
Jerry Zucker,109.0,3.918431169823233,6.433333333333334
Paul Andrew Williams,46.0,0.0,6.6
Petter Næss,16.0,0.02022167741935484,7.6
Kirk Wong,6.0,2.080935923076923,6.1
Jim Goddard,3.0,0.13621664705882353,3.0
Ted Post,57.0,0.0,6.55
Robert Butler,0.0,0.1614941971830986,4.7
Seth Gordon,91.0,2.900412776785714,6.066666666666666
Chris Kentis,9.0,33.6396895,5.5
Jim Chuchu,0.0,0.0,7.4
Richard Boddington,15.0,0.0,4.7
Peter R. Hunt,13.0,3.257142857142857,6.8
Mars Callahan,60.0,0.14051475,7.0
Harold Cronk,18.0,4.154614,3.4
Michael Walker,5.0,0.0,4.5
Juan Carlos Fresnadillo,35.0,1.9091671333333333,7.0
Duane Journey,2.0,0.0,4.3
Ken Scott,31.0,0.7355263368131868,5.9
Ian Iqbal Rashid,8.0,0.0,3.3
Callie Khouri,144.0,1.7583861355218855,5.9
Randal Kleiser,116.0,10.903964126984127,6.533333333333334
Craig Brewer,153.0,1.7008184833333333,7.2
Don Michael Paul,70.0,0.9975646318681319,3.3
Billy Bob Thornton,0.0,13.886436558742362,6.9
Eric Lavaine,0.0,0.0,6.1
Spike Lee,0.0,4.4875334038909,6.56875
Steve Oedekerk,176.0,2.10428623,6.199999999999999
John Woo,610.0,0.964729406370883,6.516666666666667
Frank Whaley,436.0,0.00046866666666666666,5.4
Todd Field,143.0,10.669240438914027,7.55
Steven Spielberg,14000.0,5.671866652019104,7.480769230769231
Andrew Steggall,0.0,0.0,7.0
Claudia Sainte-Luce,0.0,0.008675384615384616,7.0
Ben Stassen,4.0,0.0,6.1
Nigel Cole,13.0,0.4399573722222222,6.9
Kristin Rizzo,30.0,0.0,8.0
Cecil B. DeMille,309.0,9.0,6.7
Morgan J. Freeman,204.0,0.35882775,6.35
Ian Fitzgibbon,11.0,0.0,6.4
Courtney Hunt,33.0,2.508841,7.2
Isabel Coixet,148.0,0.197796,7.6
Ekachai Uekrongtham,3.0,1.8e-05,5.7
Jon Kasdan,21.0,1.1043445,6.5
Dave Rodriguez,11.0,0.0,6.3
Simon Yin,0.0,0.0,3.9
Patrick Ryan Sims,0.0,0.0,3.6
Mark Sandrich,10.0,4.926108374384237,7.8
John Laing,0.0,0.0,6.3
Perry Andelin Blake,11.0,2.522720625,3.3
Ulu Grosbard,22.0,0.33441265,6.3
Marc Abraham,18.0,0.211702,7.0
Fred Savage,0.0,2.2058778333333335,2.9
A. Raven Cruz,0.0,0.0,1.9
Gary Fleder,39.0,0.7846539860333493,6.616666666666666
Stephen Kay,19.0,0.8985148166666667,5.0
James L. Brooks,274.0,1.2433584419444446,6.5
Dominic Burns,15.0,0.0,3.1
Sam Firstenberg,44.0,11.428571428571429,4.7
Paul Crowder,10.0,0.144431,7.3
Dustin Hoffman,0.0,1.6710715454545455,6.8
David Winters,49.0,0.0,2.8
Chuck Bowman,42.0,0.0,4.6
Maria Maggenti,4.0,7.910176,6.5
Nick Hurran,34.0,0.5834916285714286,5.2
Vincent Ward,25.0,0.6511870235294117,7.0
John Stockwell,134.0,0.7289877495238095,6.75
Shekhar Kapur,159.0,0.6730902138528139,6.966666666666666
Chris Miller,50.0,1.5761881242788462,6.4
Ryan Smith,4.0,0.0,5.4
Brian Robbins,48.0,1.269333906607143,5.533333333333334
Rob Cohen,357.0,2.50873840807329,5.781818181818182
Erik White,17.0,0.0,4.9
Michael Landon Jr.,84.0,0.1284035,6.550000000000001
Lawrence Kasdan,759.0,0.46652172747611864,6.26
José Luis Valenzuela,0.0,0.428535,3.6
Kasi Lemmons,148.0,0.9570789222222222,5.8999999999999995
Martyn Pick,4.0,0.0,5.7
Harald Zwart,91.0,1.1690483608974358,5.5
Sam Martin,0.0,0.0,7.8
Steven Brill,65.0,1.724827071875,5.675000000000001
Paul Schrader,261.0,0.10179383673469389,5.742857142857143
Jez Butterworth,16.0,0.37845353846153845,6.1
Eugenio Derbez,399.0,8.8913018,7.6
Eytan Fox,21.0,0.10398133333333333,7.3
Robin Budd,2.0,2.4211684,5.8
Wayne Thornley,0.0,0.0,5.8
Tim Burton,13000.0,1.9708470451003515,6.93125
Cedric Nicolas-Troyan,19.0,0.4169740869565217,6.1
Boaz Yakin,132.0,2.1860734277777776,7.033333333333334
Adam Jay Epstein,0.0,0.0,3.8
Joel Edgerton,0.0,8.7542582,7.1
Tony Kaye,194.0,0.2983218222222222,8.033333333333333
Edward Zwick,380.0,1.1887772889691168,7.325
Nacho Vigalondo,76.0,0.014656923076923076,7.2
Kevin Costner,0.0,3.7481168261363638,7.166666666666667
Len Wiseman,235.0,1.6031578,7.0
Rohit Jagessar,0.0,0.0,7.4
Lauren Lazin,2.0,0.0,8.0
Tung-Shing Yee,3.0,0.0,7.1
George Tillman Jr.,88.0,2.3482091087928922,6.925000000000001
Richard Eyre,14.0,0.701087696969697,7.25
Eric Mendelsohn,5.0,0.0,5.2
Sara Newens,0.0,0.039053333333333336,7.1
Tomas Alfredson,140.0,1.20520565,7.1
Lenny Abrahamson,412.0,1.1290503076923077,8.3
Chuck Russell,55.0,3.311606228703704,5.8999999999999995
Dylan Bank,0.0,0.0,4.2
Robert D. Webb,0.0,0.0,6.2
Peter Flinth,5.0,0.0,6.6
Max Färberböck,4.0,0.06180713333333333,7.3
Tom Elkins,14.0,0.0,5.3
Christian Volckman,2.0,0.004518571428571428,6.7
Kief Davidson,0.0,0.10024,6.8
James Frawley,21.0,0.0,7.7
Uwe Boll,892.0,0.07884360666666668,3.72
Rob Hedden,6.0,2.8687952,4.5
Herbert Ross,71.0,9.75609756097561,6.5
Frank Marshall,155.0,1.6305539695866935,6.425
Jeff Schaffer,17.0,0.70872892,6.6
Jason Naumann,2.0,0.0,6.9
Bruce Paltrow,28.0,0.3156156666666667,6.0
William Brent Bell,19.0,19.796242162962965,5.1000000000000005
Howard Zieff,6.0,5.303552787878788,6.449999999999999
Kelly Asbury,21.0,0.915191375,7.0
Bill Plympton,45.0,0.812536,7.0
George Roy Hill,131.0,23.034832575757576,8.2
Patrick Meaney,3.0,0.0,7.4
Joe Charbanic,10.0,0.8765975757575758,5.3
Stiles White,10.0,10.164188,4.4
Martin Lawrence,0.0,4.343263625,5.6
Drake Doremus,52.0,13.55284,6.7
Alan Cohn,0.0,1.0759212857142857,6.0
Peter Jackson,0.0,1.6652403922819194,7.675000000000001
Raja Menon,6.0,0.0,8.5
Ric Roman Waugh,29.0,2.8612730666666666,6.5
Hayao Miyazaki,6000.0,0.2924374398197239,8.225
Woo-Suk Kang,0.0,0.0,7.2
Paul Michael Glaser,343.0,1.4119298148148147,6.6
Charles Herman-Wurmfeld,0.0,3.179810729411765,6.2
Maurizio Benazzo,0.0,1.906125,7.2
Li Zhang,0.0,0.007079833333333333,6.0
Henry Jaglom,69.0,0.0,7.0
Marc Levin,12.0,0.982214,7.2
Hao Ning,0.0,0.0,7.550000000000001
Stephen Kijak,3.0,0.0,7.3
Richard Montoya,12.0,0.0,6.3
Christopher Scott Cherot,21.0,3.5411953846153845,6.5
Richard Rich,24.0,0.0,6.0
James Mangold,446.0,1.9236156177196064,7.074999999999999
Joshua Marston,13.0,2.1723993333333333,7.5
Patrick Read Johnson,32.0,2.7283105500000002,5.6
Joseph Gordon-Levitt,23000.0,8.158397666666668,6.6
Alejandro G. Iñárritu,0.0,1.4314387001851852,7.783333333333334
Todd Haynes,162.0,0.45816653518518513,7.133333333333333
Zack Snyder,0.0,1.5438150458846285,7.175
Akiva Schaffer,82.0,0.3367701274509804,6.033333333333334
Luis Valdez,7.0,8.340833230769231,6.8
Joseph Kosinski,364.0,0.6914966155637255,7.175000000000001
Robert Harmon,11.0,1.1129764274509804,5.15
Lana Wachowski,0.0,1.1674596789075278,6.916666666666665
Clark Baker,0.0,0.0,6.2
Jay Russell,13.0,3.150806505050505,6.733333333333333
Kevin Carraway,2.0,0.0,3.5
Barrett Esposito,0.0,0.0,6.7
Damian Nieman,0.0,0.0015729411764705882,6.4
Ralph Fiennes,0.0,0.0,6.2
Tim Chambers,2.0,0.2699317142857143,6.5
Maksim Fadeev,0.0,0.0,4.1
Chris Eyre,149.0,3.35965,7.2
Takeshi Kitano,0.0,0.044775,7.2
Chris Noonan,108.0,1.15959415,6.9
Brian Klugman,49.0,1.9058111666666666,7.1
Joachim Rønning,18.0,0.0,5.7
Olivier Assayas,107.0,15.298711042735043,7.1
Lee Toland Krieger,43.0,0.8495635,6.95
Finn Taylor,4.0,0.464655,7.0
Henry Joost,24.0,11.007458666666667,5.833333333333333
John Glen,46.0,1.8320596722348483,6.6
Brian Baugh,3.0,3.773863,7.1
Andrew Bergman,31.0,0.45103340277777776,4.8
Bruce Beresford,78.0,3.9700214059523806,7.300000000000001
Elia Kazan,603.0,3.5164835164835164,7.866666666666667
John Maybury,11.0,0.21728037931034483,7.1
Kevin Spacey,18000.0,0.1662135391304348,6.4
Jun Falkenstein,25.0,1.5180807,6.3
Georgia Hilton,406.0,0.0,2.2
Daniel Davila,0.0,0.0,7.4
Fred Dekker,87.0,0.45515787234042554,3.9
Nicholas Meyer,120.0,4.83451356969697,7.45
Alex Smith,12.0,0.026268,6.1
Sean McNamara,80.0,1.5652166666666667,6.5
Michael Winnick,155.0,0.0,4.2
Tarsem Singh,763.0,1.0516212220499108,6.125
Mario Van Peebles,535.0,0.0,5.0
Richard Marquand,37.0,9.511551046153846,8.4
Michael Dowse,31.0,0.1505193695652174,6.85
Julian Gilbey,7.0,0.0,6.15
Jee-woon Kim,419.0,0.14005396666666667,6.85
Matt Jackson,0.0,0.0,5.4
Travis Zariwny,4.0,0.0,3.7
Justin Dillon,0.0,1.075925,7.5
Thor Freudenthal,87.0,2.3716317767195765,5.833333333333333
John Gatins,61.0,1.021909,6.9
Wayne Kramer,47.0,1.4897279264705883,7.2
John Carney,109.0,27.227026868055557,7.65
Michael Pressman,34.0,3.14627252,6.0
Jim Mickle,53.0,0.028413846153846154,6.5
Pete Docter,0.0,2.077328352712215,8.233333333333334
Rania Attieh,0.0,0.0,6.3
Tony Krantz,15.0,0.0,5.3
Pascal Chaumeil,8.0,0.0,6.3
David Mamet,342.0,0.6774890714285714,7.05
Al Silliman Jr.,0.0,0.0,4.0
Harold Becker,17.0,1.1082384975769612,6.140000000000001
Monte Hellman,96.0,0.0,6.2
Maurice Joyce,0.0,3.8842542,5.0
Frank Borzage,57.0,0.0,6.6
